dttm,lon,lat,temp,sal,fluor,cdom_1min,xmiss_1min,depth,wind_sp,wind_dir,cruise
2010-10-04T00:00:10.000Z,-117.55743333333332,32.872899999999994,20.5691,33.5162,5.1,NA,3518.38,846.63,5.02,310.15,S231
2010-10-04T01:00:39.000Z,-117.66966666666669,32.963566666666665,20.998,33.5538,5.15,NA,3523.25,954.73,6.3,311.75,S231
2010-10-04T02:00:39.000Z,-117.78975,33.04778333333334,20.8121,33.5575,6.19,NA,3460.5,774.09,9.46,310.94,S231
2010-10-04T03:00:39.000Z,-117.91295,33.131766666666664,20.5029,33.5483,5.56,NA,3522.15,266.76,4.29,266.89,S231
2010-10-04T04:00:39.000Z,-118.02509999999998,33.221983333333334,23.2491,33.5479,8.25,100,681.88,907.43,7.77,238.33,S231
2010-10-04T05:00:39.000Z,-118.13136666666665,33.31806666666667,24.4585,33.5174,7.02,101,590.7,774.24,6.87,227.17,S231
2010-10-04T06:00:40.000Z,-118.25030000000001,33.397549999999995,20.6074,33.5591,4.87,102,3561.3,678.17,7.82,336.64,S231
2010-10-04T07:00:40.000Z,-118.35495,33.46508333333334,20.6321,33.5728,4.22,102,3591.38,896.84,5.72,278.55,S231
2010-10-04T08:00:40.000Z,-118.42143333333333,33.50313333333334,20.7677,33.5735,4.6,102,3570.65,898.14,8.13,247.23,S231
2010-10-04T09:00:41.000Z,-118.54311666666666,33.56688333333334,20.6545,33.575,4.61,102,3537.38,893.65,4.13,209.07,S231
2010-10-04T10:00:41.000Z,-118.67108333333333,33.62721666666666,20.1554,33.558,4.93,102,3532.95,845.28,5.61,197.56,S231
2010-10-04T11:00:41.000Z,-118.78953333333334,33.68891666666667,19.8835,33.5456,4.29,102,3608.15,906.31,5.82,231.8,S231
2010-10-04T12:00:41.000Z,-118.84671666666668,33.75506666666667,19.7963,33.5411,4.41,102,3606.42,908.89,8.75,262.24,S231
2010-10-04T13:00:42.000Z,-118.84783333333334,33.76613333333333,19.8004,33.5416,4.36,102,3615.15,910.37,7.09,238.9,S231
2010-10-04T14:00:43.000Z,-118.84933333333332,33.77835,19.8046,33.5446,4.15,102,3622.47,911.02,6.85,277.65,S231
2010-10-04T15:00:43.000Z,-118.84803333333333,33.787216666666666,19.8522,33.5502,4.52,102,3611.08,907.97,6.12,253.42,S231
2010-10-04T16:00:43.000Z,-118.83996666666667,33.798133333333325,19.8467,33.5469,4.61,102,3612.87,909.27,8.26,258.32,S231
2010-10-04T17:00:44.000Z,-118.83400000000002,33.80736666666667,19.8648,33.5482,4.9,102,3613.74,915.1,6.46,243.98,S231
2010-10-04T18:00:44.000Z,-118.84288333333333,33.820283333333336,19.8424,33.5462,5.34,102,3615.12,907.48,6.8,232.83,S231
2010-10-04T19:00:45.000Z,-118.95164999999999,33.84864999999999,19.9373,33.5441,5.17,102,3604.63,895.4,3.91,261.62,S231
2010-10-04T20:00:45.000Z,-119.04135000000001,33.87128333333334,18.2304,33.5332,9.11,102,3547.63,879.17,3.22,359.05,S231
2010-10-04T21:00:46.000Z,-119.18371666666664,33.88163333333334,19.0605,33.5193,7.21,100,3367.53,829.07,2.41,229.11,S231
2010-10-04T22:00:46.000Z,-119.31266666666667,33.883183333333335,19.2028,33.5283,5.9,100,3422.72,826.03,4.5,311.6,S231
2010-10-04T23:00:46.000Z,-119.41553333333336,33.897166666666664,18.9687,33.5423,7.61,100,3463,625.21,23.81,293.06,S231
2010-10-05T02:00:08.000Z,-119.72601666666667,33.951116666666664,14.8159,33.5189,18.9,107.45,3401.28,NA,26.51,292.7,S231
2010-10-05T10:00:36.000Z,-119.74383333333333,33.959516666666666,NA,NA,NA,NA,NA,NA,11.86,258.89,S231
2010-10-05T16:00:10.000Z,-119.79076666666666,33.87983333333334,15.6678,33.4799,23.47,104.38,3421.33,211.9,4.48,250.42,S231
2010-10-05T17:00:36.000Z,-119.77269999999999,33.83638333333333,16.1327,33.482,19.25,103.12,3353.26,1584.99,5.88,261.72,S231
2010-10-05T21:00:59.000Z,-120.02430000000001,33.86128333333333,15.327,33.5782,24.88,109.59,3154.36,72.49,5.91,253.15,S231
2010-10-06T00:00:19.000Z,-120.49545000000002,33.88503333333333,15.6185,33.5359,46.71,103.3,3156.8,1060.97,0.95,27.89,S231
2010-10-06T01:00:19.000Z,-120.62899999999999,33.88561666666667,15.2546,33.5502,47.13,107.31,3136.32,2439.84,3.66,244.51,S231
2010-10-06T02:00:19.000Z,-120.75456666666665,33.890350000000005,15.2987,33.5442,27.07,107.97,3123.97,1992.73,5.94,292,S231
2010-10-06T03:00:19.000Z,-120.87881666666665,33.89958333333333,15.1965,33.5628,20.17,107.93,3461.85,2151.95,10.29,7.89,S231
2010-10-06T04:00:19.000Z,-121.00690000000002,33.90658333333334,15.1333,33.5513,24.57,109.72,3143.13,4128.47,6.81,230.57,S231
2010-10-06T05:00:19.000Z,-121.07175000000001,33.90820000000001,15.1371,33.5581,25.37,108.53,3401.38,2966.59,6.5,302.89,S231
2010-10-06T06:00:19.000Z,-121.17991666666667,33.91741666666666,14.9507,33.5549,16.32,108.35,3486.67,1427.28,9.17,327.36,S231
2010-10-06T07:00:19.000Z,-121.30445,33.92111666666666,15.245,33.4931,18.56,103.68,3530.64,2200.6,0.13,310.26,S231
2010-10-06T08:00:19.000Z,-121.35981666666667,33.92268333333333,15.3801,33.5147,13.21,103.79,3426.34,4660.93,8.31,14.46,S231
2010-10-06T09:00:19.000Z,-121.48774999999999,33.92961666666666,15.3807,33.5162,8.44,103.43,3472.62,3379.46,4.5,214.42,S231
2010-10-06T10:00:19.000Z,-121.61766666666666,33.93906666666667,15.361,33.5032,14.7,103.52,3409.32,3502.29,6.28,345.68,S231
2010-10-06T11:00:19.000Z,-121.74754999999999,33.94284999999999,15.2077,33.5095,11.92,104.15,3390.67,3584.73,2.53,177.54,S231
2010-10-06T12:00:19.000Z,-121.87235,33.94708333333333,15.6641,33.4622,9.17,100.28,3521.85,6349.3,4.68,42.48,S231
2010-10-06T13:00:19.000Z,-121.99908333333332,33.94896666666667,16.0611,33.4335,9.8,100.05,3439.95,3791.68,7.14,96.92,S231
2010-10-06T14:00:19.000Z,-122.12909999999998,33.952016666666665,16.0679,33.4497,10.1,100.23,3427.46,3860.63,6.17,110.43,S231
2010-10-06T15:00:19.000Z,-122.18766666666667,33.84223333333334,15.8036,33.5125,8.87,100.3,3525.5,3039.47,3.57,86.64,S231
2010-10-06T16:00:19.000Z,-122.24023333333335,33.731,15.8236,33.4954,10.47,100.55,3554.68,4019.95,8.94,130.67,S231
2010-10-06T17:00:19.000Z,-122.29311666666665,33.63081666666667,16.2875,33.4698,10.18,100.1,3518.05,4402.04,3.96,164.97,S231
2010-10-06T18:00:19.000Z,-122.28778333333332,33.63143333333334,16.3269,33.4679,11.12,100.05,3514.85,4012.94,4.78,62.14,S231
2010-10-06T19:00:19.000Z,-122.28398333333335,33.628449999999994,16.3605,33.4706,7.2,100.11,3513.27,4046.76,6.49,154.9,S231
2010-10-06T20:00:19.000Z,-122.32349999999998,33.56305,16.6496,33.4405,7.73,100.14,3423.28,4159.57,5.64,166.65,S231
2010-10-06T21:00:19.000Z,-122.38368333333334,33.46003333333333,16.8336,33.4374,8.48,100.5,3494.13,4537.14,5.69,253.72,S231
2010-10-06T22:00:19.000Z,-122.45368333333333,33.348850000000006,16.7668,33.4493,11.75,100.57,3481.36,4980.65,6,251.24,S231
2010-10-06T23:00:19.000Z,-122.52041666666668,33.23583333333333,16.4177,33.3482,7.78,100.42,3483.72,2110.04,2.92,287.45,S231
2010-10-07T00:00:19.000Z,-122.59128333333334,33.128416666666666,16.4707,33.2986,11.7,100,3489.18,3527.03,6.54,282.51,S231
2010-10-07T01:00:19.000Z,-122.65683333333332,33.012683333333335,16.9915,33.3026,11.84,100.04,3519.9,4327.2,5.4,284.41,S231
2010-10-07T02:00:20.000Z,-122.72663333333334,32.89295,17.4138,32.9581,5.23,101,3587.82,NA,5.05,112.52,S231
2010-10-07T03:00:20.000Z,-122.80390000000001,32.78223333333334,17.4548,32.9925,6.5,101,3532.38,NA,6.87,323.16,S231
2010-10-07T04:00:20.000Z,-122.8711,32.6622,17.4713,32.9408,4.34,101,3622.64,NA,7.12,310.37,S231
2010-10-07T05:00:20.000Z,-122.95025,32.54871666666666,17.9569,32.9668,3.65,101,3632.75,NA,8.88,316.7,S231
2010-10-07T06:00:20.000Z,-123.02246666666667,32.432399999999994,18.2767,33.0491,3.12,101,3641.05,NA,2.93,357.24,S231
2010-10-07T07:00:20.000Z,-123.09094999999999,32.31621666666666,18.9599,33.4143,2.65,101,3675.73,NA,7.11,331.37,S231
2010-10-07T08:00:20.000Z,-123.1317,32.24295,18.823,33.347,2.58,101,3682.67,NA,5.01,333.65,S231
2010-10-07T09:00:20.000Z,-123.19498333333334,32.140750000000004,18.8152,33.3584,2.61,101,3680.78,NA,6.14,334.57,S231
2010-10-07T10:00:20.000Z,-123.26563333333333,32.02636666666666,18.8358,33.3646,2.65,101,3680.68,NA,9.07,332.85,S231
2010-10-07T11:00:20.000Z,-123.33951666666664,31.909916666666664,18.8181,33.3563,2.64,101,3677.53,NA,6,16.21,S231
2010-10-07T12:00:20.000Z,-123.41911666666668,31.794033333333328,18.9409,33.4037,2.61,101,3677.05,NA,5.23,5.56,S231
2010-10-07T13:00:20.000Z,-123.49451666666667,31.679883333333333,19.1765,33.4442,2.7,101,3680.56,NA,8.8,309.36,S231
2010-10-07T14:00:20.000Z,-123.57415000000002,31.56983333333333,19.1817,33.417,2.63,101,3679.52,NA,9.41,321.38,S231
2010-10-07T15:00:20.000Z,-123.65223333333333,31.461283333333338,19.227,33.4056,2.64,101,3679.62,NA,1.47,310.02,S231
2010-10-07T16:00:20.000Z,-123.73233333333334,31.350666666666665,19.2001,33.4114,2.71,101,3682.03,NA,2.44,78.31,S231
2010-10-07T17:00:20.000Z,-123.81540000000001,31.237233333333336,19.2149,33.37,2.57,101,3681.7,NA,7.13,358.68,S231
2010-10-07T18:00:20.000Z,-123.89074999999998,31.132383333333337,19.2319,33.3696,2.63,101,3679.52,NA,0.93,350.12,S231
2010-10-07T19:00:20.000Z,-123.89143333333335,31.12903333333334,19.274,33.3734,2.6,101,3675.61,NA,3.82,249.4,S231
2010-10-07T20:00:21.000Z,-123.90238333333335,31.111383333333333,19.3475,33.3742,2.45,101,3677.46,NA,4.34,321.5,S231
2010-10-07T21:00:21.000Z,-123.95903333333332,31.01945,19.52,33.4105,2.4,102,3681.1,NA,2.52,106.28,S231
2010-10-07T22:00:21.000Z,-124.02921666666668,30.905633333333338,19.4696,33.3889,2.43,102,3678.52,NA,8.36,295.51,S231
2010-10-07T23:00:21.000Z,-124.09901666666669,30.796866666666666,19.7621,33.3716,2.46,102,3680.15,NA,5.17,298.48,S231
2010-10-08T00:00:21.000Z,-124.17031666666665,30.687233333333335,19.462,33.3386,2.58,102,3672.98,NA,4.08,306.47,S231
2010-10-08T01:00:21.000Z,-124.24128333333334,30.577966666666665,19.5701,33.3539,2.59,102,3674.07,NA,5.54,319.75,S231
2010-10-08T02:00:21.000Z,-124.31618333333331,30.468099999999996,19.4473,33.4111,2.5,102,3676.58,NA,7.22,347.81,S231
2010-10-08T03:00:21.000Z,-124.39489999999998,30.3596,19.431,33.4075,2.56,102,3677.21,NA,7.71,10.45,S231
2010-10-08T04:00:21.000Z,-124.47445,30.254883333333336,19.3105,33.3583,2.53,102,3679.92,NA,5.72,8.49,S231
2010-10-08T05:00:19.000Z,-124.54173333333334,30.152833333333334,19.5041,33.4152,2.57,102,3679.23,NA,4.38,310.31,S231
2010-10-08T06:00:19.000Z,-124.52188333333334,30.13628333333334,19.4476,33.4058,2.59,102,3682.69,NA,8.46,31.91,S231
2010-10-08T07:00:19.000Z,-124.53468333333332,30.108050000000002,19.2905,33.3695,2.53,102,3683.73,NA,0.9,2.7,S231
2010-10-08T08:00:19.000Z,-124.54328333333333,30.085066666666663,19.2325,33.357,2.52,102,3681.7,NA,0.8,354.2,S231
2010-10-08T09:00:19.000Z,-124.56043333333332,30.046899999999994,19.2644,33.3662,2.53,102,3684.23,NA,4.94,1.05,S231
2010-10-08T10:00:19.000Z,-124.62118333333335,29.940900000000003,19.4623,33.4141,2.6,102,3683.9,NA,5.59,359.25,S231
2010-10-08T11:00:19.000Z,-124.68476666666666,29.835216666666668,19.4144,33.4172,2.5,102,3682.2,NA,6.5,334.09,S231
2010-10-08T12:00:19.000Z,-124.74843333333334,29.726966666666666,19.0837,33.3148,2.48,102,3677.63,NA,6.36,334.81,S231
2010-10-08T13:00:20.000Z,-124.81408333333333,29.61916666666667,19.2354,33.3645,2.41,102,3681.77,NA,2.99,338.18,S231
2010-10-08T14:00:56.000Z,-124.87455000000001,29.507649999999995,19.4806,33.3708,2.41,102,3684.95,NA,6.23,350.47,S231
2010-10-08T15:00:56.000Z,-124.93190000000003,29.39651666666667,20.0756,33.6326,2.36,102,3684.61,NA,11.12,358.07,S231
2010-10-08T16:00:56.000Z,-124.99164999999999,29.287716666666665,19.8504,33.5165,2.41,102,3684.68,NA,3.2,1.96,S231
2010-10-08T17:00:56.000Z,-125.01998333333336,29.227449999999997,19.9278,33.563,2.39,201,3684.69,NA,5.02,32.35,S231
2010-10-08T18:00:56.000Z,-125.05473333333332,29.15461666666667,20.002,33.5934,2.39,201,3688.3,NA,3.7,66.1,S231
2010-10-08T19:00:56.000Z,-125.04836666666667,29.151116666666667,20.0492,33.6097,2.35,201,3688.98,NA,9.05,10.43,S231
2010-10-08T20:00:56.000Z,-125.04881666666667,29.139466666666667,20.1389,33.6577,2.32,201,3688.13,NA,8.57,343.53,S231
2010-10-08T21:00:56.000Z,-125.06218333333332,29.106333333333335,20.454,33.8091,2.27,201,3689.28,NA,10.68,354.24,S231
2010-10-08T22:00:56.000Z,-125.07911666666665,29.065383333333326,20.4644,33.8729,2.24,201,3687.46,NA,8.6,13.02,S231
2010-10-08T23:00:56.000Z,-125.1003,29.0178,20.524,33.86,2.24,201,3687.84,NA,7.73,348.46,S231
2010-10-09T00:00:56.000Z,-125.12138333333333,28.97181666666667,20.3721,33.7875,2.3,201,3684.78,NA,11.5,350.37,S231
2010-10-09T01:00:56.000Z,-125.15068333333332,28.9161,20.3564,33.7674,2.27,201,3684.93,NA,8.57,13.78,S231
2010-10-09T02:00:56.000Z,-125.18518333333336,28.85728333333333,20.2495,33.7347,2.25,201,3680.41,NA,13.18,15.77,S231
2010-10-09T03:00:56.000Z,-125.22263333333332,28.79538333333333,20.3352,33.7722,2.25,201,3689.08,NA,11.19,32.4,S231
2010-10-09T04:00:56.000Z,-125.25919999999999,28.736316666666667,20.3018,33.7655,2.26,201,3690.3,NA,9.19,346.95,S231
2010-10-09T05:00:56.000Z,-125.29851666666666,28.674316666666666,20.2405,33.7554,2.29,201,3690.46,NA,12.45,25.35,S231
2010-10-09T06:00:56.000Z,-125.33533333333335,28.619149999999998,20.2586,33.7558,2.28,201,3690.57,NA,14.56,58.91,S231
2010-10-09T07:00:56.000Z,-125.37645,28.573900000000005,20.475,33.8234,2.32,201,3690.25,NA,10.5,19.93,S231
2010-10-09T08:00:56.000Z,-125.41079999999998,28.52758333333334,20.5522,33.8504,2.32,201,3690.82,NA,8.74,44.15,S231
2010-10-09T09:00:57.000Z,-125.43816666666667,28.49013333333333,20.6395,33.8809,2.31,201,3694.1,NA,8.68,41.11,S231
2010-10-09T10:00:57.000Z,-125.47145,28.44795,20.5882,33.8611,2.32,201,3693.85,NA,7.5,39.61,S231
2010-10-09T11:00:57.000Z,-125.49964999999997,28.410416666666666,20.5107,33.8292,2.32,201,3694.36,NA,8.79,28.36,S231
2010-10-09T12:00:57.000Z,-125.53465,28.3616,20.4851,33.8225,2.33,201,3694.43,NA,7.91,48.08,S231
2010-10-09T13:00:57.000Z,-125.56488333333334,28.317766666666664,20.5416,33.811,2.32,201,3682.32,NA,9.22,356.41,S231
2010-10-09T14:00:57.000Z,-125.59743333333333,28.2687,20.5372,33.7901,2.38,201,3697.03,NA,8.66,350.68,S231
2010-10-09T15:00:57.000Z,-125.64004999999999,28.20886666666667,20.6257,33.8176,2.37,201,3696.85,NA,11.59,6.58,S231
2010-10-09T16:00:57.000Z,-125.68216666666667,28.1522,20.6947,33.8316,2.37,201,3698.33,NA,9.42,1.25,S231
2010-10-09T17:00:57.000Z,-125.73145000000001,28.089283333333334,20.7386,33.827,2.3,201,3697.54,NA,14.26,354.59,S231
2010-10-09T18:00:57.000Z,-125.77361666666665,28.038599999999995,20.838,33.8332,2.29,201,3696.08,NA,10.81,10.96,S231
2010-10-09T19:00:57.000Z,-125.78288333333333,28.03238333333334,20.8726,33.8377,2.35,201,3695.5,NA,14.5,23.69,S231
2010-10-09T20:00:57.000Z,-125.77674999999999,28.022616666666668,20.8957,33.8471,2.32,201,3689.32,NA,18.86,3.05,S231
2010-10-09T21:00:57.000Z,-125.77391666666666,27.99293333333333,20.8938,33.8447,2.31,201,3687.87,NA,17.81,7.22,S231
2010-10-09T22:00:57.000Z,-125.82411666666668,27.9234,20.8006,33.7955,2.33,201,3691.32,NA,14.1,13.55,S231
2010-10-09T23:00:57.000Z,-125.864,27.856700000000004,20.7401,33.7891,2.36,201,3688.67,NA,18.68,28.16,S231
2010-10-10T00:00:57.000Z,-125.90591666666666,27.784216666666666,20.8811,33.9145,2.26,201,3689,NA,11.74,22.19,S231
2010-10-10T01:00:57.000Z,-125.95508333333335,27.706966666666666,20.961,34.0538,2.26,201,3684.89,NA,18.7,24.03,S231
2010-10-10T02:00:57.000Z,-126.00848333333333,27.62731666666667,20.9388,34.075,2.26,201,3688.48,NA,12.9,20.79,S231
2010-10-10T03:00:57.000Z,-126.05356666666667,27.55245,20.9355,34.1086,2.31,201,3675.92,NA,17.2,16.23,S231
2010-10-10T04:00:57.000Z,-126.08936666666666,27.489649999999997,20.9288,34.0559,2.29,201,3687.43,NA,18.21,28.52,S231
2010-10-10T05:00:57.000Z,-126.10953333333333,27.45553333333333,20.9351,34.055,2.31,201,3687.6,NA,18.39,28.38,S231
2010-10-10T06:00:57.000Z,-126.1145,27.44275,20.9515,34.069,2.33,201,3689.07,NA,16.08,21.8,S231
2010-10-10T07:00:57.000Z,-126.1512,27.382216666666668,20.8911,34.0009,2.37,201,3685.65,NA,15.72,0.83,S231
2010-10-10T08:00:57.000Z,-126.18885,27.32255,20.9284,34.0137,2.34,201,3684.7,NA,15.66,31.07,S231
2010-10-10T09:00:57.000Z,-126.2169,27.27476666666666,20.9282,34.0267,2.31,201,3687.33,NA,11.2,16.64,S231
2010-10-10T10:00:57.000Z,-126.25898333333335,27.202149999999996,20.9063,34.0228,2.33,201,3686.69,NA,20.04,353.31,S231
2010-10-10T11:00:57.000Z,-126.29426666666669,27.13726666666666,21.1645,34.1959,2.36,201,3640.18,NA,13.73,353.25,S231
2010-10-10T12:00:57.000Z,-126.33371666666665,27.059650000000005,21.0937,34.1531,2.34,201,3688.12,NA,18.45,10.67,S231
2010-10-10T13:00:57.000Z,-126.37788333333334,26.98045,21.0414,34.1293,2.29,201,3691.98,NA,16.28,353.54,S231
2010-10-10T14:00:58.000Z,-126.42135000000002,26.904016666666667,21.0284,34.1218,2.29,201,3690.95,NA,13.28,15.61,S231
2010-10-10T15:00:58.000Z,-126.47496666666665,26.820299999999996,21.0456,34.1617,2.3,201,3692,NA,18.47,26.16,S231
2010-10-10T16:00:58.000Z,-126.5247833333333,26.742533333333338,20.9501,34.0412,2.31,201,3687.9,NA,19.73,34.05,S231
2010-10-10T17:00:58.000Z,-126.57389999999998,26.66201666666667,21.0394,34.1394,2.31,201,3685.64,NA,19.28,11.97,S231
2010-10-10T18:00:58.000Z,-126.59636666666665,26.618066666666664,21.1473,34.1707,2.3,201,3680.37,NA,20.24,18.83,S231
2010-10-10T19:00:58.000Z,-126.59808333333334,26.604033333333334,21.1564,34.1676,2.34,201,3687.36,NA,22.1,18.61,S231
2010-10-10T20:00:58.000Z,-126.59868333333334,26.58691666666667,21.1049,34.1627,2.37,201,3493.8,NA,18.61,14.92,S231
2010-10-10T21:00:58.000Z,-126.59708333333336,26.553983333333335,21.1093,34.149,2.27,201,3676.85,NA,15.97,19.44,S231
2010-10-10T22:00:58.000Z,-126.64351666666667,26.478700000000003,21.0666,34.1077,2.23,201,3685.88,NA,18.86,11.73,S231
2010-10-10T23:00:58.000Z,-126.67373333333336,26.429149999999996,21.06,34.1222,2.24,201,3687.03,NA,20.67,17.82,S231
2010-10-11T00:00:58.000Z,-126.72608333333335,26.35058333333333,21.0354,34.0753,2.31,100,3668.2,NA,14.97,14.06,S231
2010-10-11T01:00:58.000Z,-126.78095,26.269733333333335,21.0408,34.0887,2.35,100,3684.85,NA,20.33,9.78,S231
2010-10-11T02:00:58.000Z,-126.84305,26.18913333333333,21.0381,34.0942,2.34,100,3685.72,NA,19.25,12.96,S231
2010-10-11T03:00:59.000Z,-126.91850000000001,26.12918333333334,21.1107,34.1528,2.38,100,3676.93,NA,14.85,16.29,S231
2010-10-11T04:00:59.000Z,-127.00121666666668,26.06338333333333,21.063,34.1406,2.4,100,2750.07,NA,17.06,4.31,S231
2010-10-11T05:00:57.000Z,-127.07908333333336,25.997383333333328,21.1607,34.193,2.41,100,2279.45,NA,18.07,3.06,S231
2010-10-11T06:00:57.000Z,-127.07233333333335,25.969383333333333,21.1346,34.1219,4.36,100,552.4,NA,22.2,4.53,S231
2010-10-11T07:00:57.000Z,-127.06685,25.950233333333337,21.09,34.151,2.41,100,1641.82,NA,14.88,11.33,S231
2010-10-11T08:00:57.000Z,-127.05165000000001,25.932466666666663,20.9314,33.9914,3.47,100,764.95,NA,16.43,20.11,S231
2010-10-11T09:00:57.000Z,-127.04698333333333,25.869583333333335,20.9977,34.0493,2.35,100,1984.93,NA,20.19,15,S231
2010-10-11T10:00:57.000Z,-127.05900000000001,25.793050000000004,21.0469,34.0511,2.29,100,2073.05,NA,12.68,2.38,S231
2010-10-11T11:00:57.000Z,-127.0682,25.722266666666663,21.0141,34.0024,2.27,100,3334.72,NA,15.29,350.25,S231
2010-10-11T12:00:57.000Z,-127.08151666666666,25.639649999999996,21.0383,34.0393,2.27,100,383.97,NA,14.33,329.47,S231
2010-10-11T13:00:57.000Z,-127.09421666666668,25.556549999999998,21.0633,34.0508,2.27,100,213.67,NA,13.12,15.01,S231
2010-10-11T14:00:00.000Z,-127.10411666666666,25.472683333333332,21.0348,34.0569,2.28,100,356.75,NA,19.45,3.68,S231
2010-10-11T15:00:00.000Z,-127.11113333333331,25.39011666666667,21.0505,34.0303,2.29,100,327.72,NA,14.64,10.14,S231
2010-10-11T16:00:00.000Z,-127.11778333333332,25.313016666666666,21.1833,34.0071,2.33,100,277.7,NA,12.81,10.53,S231
2010-10-11T17:00:00.000Z,-127.12811666666667,25.23815,21.1612,33.991,2.19,100,3691.39,NA,13.84,23.21,S231
2010-10-11T18:00:00.000Z,-127.14158333333334,25.151500000000002,21.2423,33.9933,2.15,100,3692.1,NA,13.86,13.52,S231
2010-10-11T19:00:00.000Z,-127.14631666666666,25.132199999999997,21.2655,33.9834,2.21,100,3691.18,NA,14.75,32.4,S231
2010-10-11T20:00:00.000Z,-127.14383333333332,25.11328333333333,21.2411,33.9741,2.17,100,3689.79,NA,12.45,14.26,S231
2010-10-11T21:00:00.000Z,-127.13479999999998,25.059016666666672,21.2823,33.9675,2.15,100,3690.64,NA,15.54,13.41,S231
2010-10-11T22:00:00.000Z,-127.10495000000002,24.975799999999996,21.3817,33.9699,2.23,100,3686.84,NA,14.07,23.41,S231
2010-10-11T23:00:00.000Z,-127.07655000000003,24.891849999999998,21.3381,33.9808,2.15,100,3687.67,NA,12.86,8.63,S231
2010-10-12T00:00:00.000Z,-127.06298333333334,24.875866666666667,21.3354,33.9671,2.22,100,3684.7,NA,16.84,34.91,S231
2010-10-12T01:00:00.000Z,-127.04831666666665,24.848866666666666,21.3652,33.9702,2.28,100,3684.62,NA,11.12,16.85,S231
2010-10-12T02:00:00.000Z,-127.04540000000001,24.787733333333335,21.3519,33.9476,2.28,100,3675.25,NA,13.72,36.41,S231
2010-10-12T03:00:00.000Z,-127.07473333333334,24.727283333333332,21.3744,33.9423,2.26,100,3677.45,NA,12.33,45.59,S231
2010-10-12T04:00:01.000Z,-127.10161666666666,24.670983333333332,21.3576,33.9392,2.24,100,3687.27,NA,10.76,22.12,S231
2010-10-12T05:00:01.000Z,-127.13608333333335,24.6086,21.341,33.9394,2.23,100,3688.2,NA,13.97,49.2,S231
2010-10-12T06:00:01.000Z,-127.1633,24.547600000000006,21.3182,33.9512,2.22,100,3678.03,NA,12.98,52.38,S231
2010-10-12T07:00:01.000Z,-127.18963333333335,24.489566666666665,21.3114,33.9515,2.23,100,3688.9,NA,11.93,32.44,S231
2010-10-12T08:00:01.000Z,-127.21213333333331,24.436749999999996,21.3558,33.941,2.24,100,3686.6,NA,8,48.45,S231
2010-10-12T09:00:01.000Z,-127.22748333333332,24.401683333333338,21.3876,33.9401,2.27,100,3688.74,NA,11.37,6.86,S231
2010-10-12T10:00:01.000Z,-127.25296666666667,24.3538,21.3922,33.9583,2.25,100,3689.39,NA,10.47,25.08,S231
2010-10-12T11:00:01.000Z,-127.28336666666668,24.301666666666662,21.3666,33.9968,2.25,100,3689.32,NA,12.06,41.83,S231
2010-10-12T12:00:01.000Z,-127.31330000000001,24.249783333333333,21.3907,34.0958,2.26,100,3685.23,NA,9.98,22.19,S231
2010-10-12T13:00:01.000Z,-127.34238333333332,24.195299999999996,21.2565,34.048,2.23,100,3691.45,NA,16.59,33.23,S231
2010-10-12T14:00:01.000Z,-127.37180000000002,24.1331,21.2768,34.05,2.27,100,3690.48,NA,10.95,40.65,S231
2010-10-12T15:00:01.000Z,-127.39361666666667,24.080199999999994,21.3016,34.0374,2.26,100,3690.12,NA,7.56,19.41,S231
2010-10-12T16:00:02.000Z,-127.41368333333334,24.03255,21.3318,34.0404,2.27,100,3692.52,NA,11.76,21.65,S231
2010-10-12T17:00:02.000Z,-127.43933333333335,23.977800000000002,21.4283,34.1124,2.25,100,3691.5,NA,10.6,31.28,S231
2010-10-12T18:00:02.000Z,-127.45905,23.937550000000005,21.5794,34.1877,2.2,100,3689.3,NA,6.48,9.35,S231
2010-10-12T19:00:02.000Z,-127.46053333333333,23.928350000000002,21.5986,34.1791,2.21,100,3688.13,NA,7.59,29.77,S231
2010-10-12T20:00:02.000Z,-127.46730000000001,23.908633333333338,21.6648,34.1949,2.1,100,3688.42,NA,11.25,40.66,S231
2010-10-12T21:00:02.000Z,-127.48943333333334,23.871216666666673,21.7121,34.2054,2.15,100,3686.39,NA,6.84,359.73,S231
2010-10-12T22:00:03.000Z,-127.51584999999999,23.82936666666667,21.6906,34.1986,2.2,100,3684.98,NA,8.08,36.92,S231
2010-10-12T23:00:03.000Z,-127.54140000000001,23.78821666666667,21.7886,34.2043,2.15,100,3682.93,NA,5.98,61.55,S231
2010-10-13T00:00:03.000Z,-127.57008333333333,23.745466666666665,21.7203,34.1779,2.16,100,3685.13,NA,6.53,85.01,S231
2010-10-13T01:00:03.000Z,-127.59541666666668,23.708150000000003,21.7514,34.2833,2.21,100,3684.92,NA,5.26,88.23,S231
2010-10-13T02:00:03.000Z,-127.66338333333334,23.617099999999997,21.5964,34.2586,2.17,100,3684.62,NA,6.3,69.05,S231
2010-10-13T03:00:03.000Z,-127.73948333333334,23.51351666666667,21.6628,34.311,2.2,100,3687.92,NA,6.57,89.53,S231
2010-10-13T04:00:04.000Z,-127.81193333333334,23.413116666666664,21.6398,34.3027,2.2,100,3688.42,NA,8.78,79.95,S231
2010-10-13T05:00:04.000Z,-127.88280000000002,23.313599999999994,21.5616,34.1616,2.18,100,3689.18,NA,2.9,84.16,S231
2010-10-13T06:00:04.000Z,-127.94861666666667,23.21556666666667,21.8707,34.3009,2.2,100,3688.1,NA,5.26,81.72,S231
2010-10-13T07:00:04.000Z,-128.01510000000002,23.117249999999995,22.2223,34.5782,2.24,100,3693.37,NA,4.2,30.65,S231
2010-10-13T08:00:04.000Z,-128.06996666666666,23.016566666666666,22.2345,34.5729,2.22,100,3693.56,NA,6.3,14.09,S231
2010-10-13T09:00:04.000Z,-128.1034,22.954016666666668,22.1158,34.5093,2.19,100,3693.21,NA,6.54,39.34,S231
2010-10-13T10:00:04.000Z,-128.1700333333333,22.850383333333333,22.3513,34.5899,2.19,100,3694.05,NA,3.96,92.63,S231
2010-10-13T11:00:04.000Z,-128.23784999999998,22.750933333333332,22.7643,34.8012,2.16,100,3693.84,NA,7.06,35.4,S231
2010-10-13T12:00:04.000Z,-128.29865,22.648733333333336,22.618,34.7871,2.22,100,3692.87,NA,8.03,74.39,S231
2010-10-13T13:00:04.000Z,-128.35604999999998,22.543233333333333,22.6425,34.7952,2.2,100,3692.83,NA,10.34,91.25,S231
2010-10-13T14:00:05.000Z,-128.41263333333333,22.440199999999997,22.5905,34.762,2.22,100,3694.48,NA,7.86,135.82,S231
2010-10-13T15:00:05.000Z,-128.4685166666667,22.339600000000004,22.6877,34.7452,2.16,100,3694.67,NA,5.91,155.22,S231
2010-10-13T16:00:05.000Z,-128.52213333333333,22.2396,22.7792,34.7832,2.16,100,3693.13,NA,5.96,160.78,S231
2010-10-13T17:00:05.000Z,-128.57849999999996,22.13753333333333,22.5309,34.7209,2.09,100,3692.7,NA,1.74,238.33,S231
2010-10-13T18:00:05.000Z,-128.62753333333333,22.039600000000004,22.6621,34.734,2.02,100,3693.8,NA,7.37,118.82,S231
2010-10-13T19:00:06.000Z,-128.63153333333332,22.036533333333335,23.0247,34.7365,2.05,100,3689.16,NA,5.65,89.91,S231
2010-10-13T20:00:06.000Z,-128.64471666666668,22.014366666666668,22.8401,34.6822,1.98,100,3691.52,NA,3.71,88.8,S231
2010-10-13T21:00:06.000Z,-128.7074666666667,21.911100000000005,22.9337,34.7453,1.97,100,3687.8,NA,5.92,74.9,S231
2010-10-13T22:00:06.000Z,-128.75958333333332,21.791283333333332,23.095,34.7625,1.96,100,3690.7,NA,8.63,109.92,S231
2010-10-13T23:00:06.000Z,-128.8144166666667,21.67993333333333,23.3586,34.7834,1.99,100,3688.25,NA,0.9,155.1,S231
2010-10-14T00:00:06.000Z,-128.87273333333334,21.571416666666664,23.5794,34.8299,2.06,100,3687.72,NA,4.98,71.28,S231
2010-10-14T01:00:07.000Z,-128.93040000000002,21.462316666666666,23.6012,34.8913,2.1,100,3682.1,NA,6.45,55.38,S231
2010-10-14T02:00:07.000Z,-128.97965000000002,21.34785,23.4568,34.8929,2.13,100,3677.72,NA,6.9,36.79,S231
2010-10-14T03:00:07.000Z,-129.02983333333333,21.230716666666666,23.6506,34.818,2.09,100,3685.26,NA,9.23,69.17,S231
2010-10-14T04:00:07.000Z,-129.08136666666667,21.120700000000003,23.4684,34.7792,2.19,100,3640.79,NA,5.19,87.4,S231
2010-10-14T05:00:08.000Z,-129.1325,21.0064,23.4279,34.7809,2.18,100,3684.67,NA,10.87,90.74,S231
2010-10-14T06:00:08.000Z,-129.19105000000002,20.897966666666672,23.4774,34.7827,2.19,100,3687.58,NA,12.41,99.56,S231
2010-10-14T07:00:08.000Z,-129.25086666666667,20.78996666666666,23.4592,34.7821,2.27,100,3687.43,NA,5.4,67.79,S231
2010-10-14T08:00:08.000Z,-129.31535,20.6797,23.3088,34.7863,2.27,100,3689.36,NA,10.36,78.64,S231
2010-10-14T09:00:08.000Z,-129.35176666666666,20.614333333333335,23.8886,34.7623,2.25,100,3682.87,NA,12.16,58.59,S231
2010-10-14T10:00:08.000Z,-129.37518333333333,20.57141666666667,23.8209,34.7736,2.27,100,3689.11,NA,13.52,76.89,S231
2010-10-14T11:00:08.000Z,-129.40503333333334,20.515783333333328,23.9493,34.7905,2.27,100,3689.38,NA,11.82,66.28,S231
2010-10-14T12:00:08.000Z,-129.43545,20.45798333333333,24.0681,34.7492,2.25,100,3686.64,NA,10.99,54.65,S231
2010-10-14T13:00:08.000Z,-129.46518333333333,20.404100000000003,24.1122,34.7216,2.27,100,3688.75,NA,13.79,56.25,S231
2010-10-14T14:00:08.000Z,-129.50071666666668,20.34773333333333,24.104,34.7233,2.23,100,3689.12,NA,11.8,45.97,S231
2010-10-14T15:00:08.000Z,-129.5368,20.28426666666667,24.3365,34.7105,2.19,100,3689.61,NA,16.71,59.04,S231
2010-10-14T16:00:08.000Z,-129.57833333333335,20.213483333333333,24.4116,34.6992,2.23,100,3689.93,NA,15.25,76.89,S231
2010-10-14T17:00:08.000Z,-129.62266666666667,20.134250000000005,24.6066,34.6962,2.17,100,3688.47,NA,9.69,63.83,S231
2010-10-14T18:00:08.000Z,-129.66565000000003,20.063633333333335,24.6186,34.7049,2.22,100,3688.93,NA,14.81,73.39,S231
2010-10-14T19:00:09.000Z,-129.68846666666667,20.038616666666666,24.705,34.6843,2.14,100,3687.07,NA,7.81,58.81,S231
2010-10-14T20:00:09.000Z,-129.7026833333333,20.03921666666667,24.7539,34.6808,2.19,100,3684.3,NA,8,88.86,S231
2010-10-14T21:00:09.000Z,-129.7195666666667,20.04013333333333,24.7545,34.6743,2.13,100,3680.85,NA,10.8,91.24,S231
2010-10-14T22:00:09.000Z,-129.74941666666666,20.00965,24.7928,34.6682,2.1,100,3680.77,NA,10.84,78.14,S231
2010-10-14T23:00:09.000Z,-129.78573333333333,19.960516666666667,24.7411,34.6738,2.12,100,3679.52,NA,10.41,79.95,S231
2010-10-15T00:00:10.000Z,-129.82383333333334,19.909633333333336,24.6579,34.6781,2.21,100,3676.97,NA,10.96,75.89,S231
2010-10-15T01:00:10.000Z,-129.85783333333333,19.859516666666664,24.731,34.6754,2.18,100,3676.7,NA,10.7,80.47,S231
2010-10-15T02:00:10.000Z,-129.88853333333333,19.798433333333335,24.8366,34.6568,2.14,100,3679.15,NA,9.61,84.47,S231
2010-10-15T03:00:10.000Z,-129.92348333333334,19.734916666666667,24.8817,34.6371,2.23,100,3679.12,NA,13.92,61.93,S231
2010-10-15T04:00:10.000Z,-129.95491666666666,19.67516666666667,24.9242,34.6348,2.22,100,3679.7,NA,12.69,68.47,S231
2010-10-15T05:00:11.000Z,-129.97988333333333,19.61515,24.918,34.6366,2.23,100,3680.88,NA,15.35,44.51,S231
2010-10-15T06:00:11.000Z,-130.00266666666667,19.567666666666664,24.8937,34.6404,2.53,100,3014.57,NA,9.41,73.34,S231
2010-10-15T07:00:11.000Z,-130.01444999999998,19.53956666666667,24.8765,34.6446,2.4,100,3304.84,NA,10.41,91.02,S231
2010-10-15T08:00:11.000Z,-130.0239,19.516699999999997,24.811,34.6629,2.23,100,3682.34,NA,13.07,86.44,S231
2010-10-15T09:00:11.000Z,-130.03356666666667,19.50186666666667,24.8095,34.6693,2.2,100,3676.43,NA,15.66,79.05,S231
2010-10-15T10:00:11.000Z,-130.05161666666666,19.464916666666664,24.6714,34.681,2.21,100,3686.37,NA,11.7,77.37,S231
2010-10-15T11:00:11.000Z,-130.0918,19.396666666666665,24.8358,34.6531,2.24,100.5,3685.3,NA,13.84,78.12,S231
2010-10-15T12:00:11.000Z,-130.1338333333333,19.322333333333333,24.7923,34.6758,2.21,100.5,3687.23,NA,12.47,85.31,S231
2010-10-15T13:00:11.000Z,-130.1786,19.242416666666667,24.7761,34.6623,2.26,100.5,3684.73,NA,14.59,88.64,S231
2010-10-15T14:00:11.000Z,-130.2194,19.149816666666666,24.8391,34.6614,2.29,100.5,3686.77,NA,12.5,87.59,S231
2010-10-15T15:00:12.000Z,-130.26688333333334,19.058466666666668,24.8313,34.6457,2.27,100.5,3689.03,NA,14.36,79.06,S231
2010-10-15T16:00:12.000Z,-130.31405,18.948700000000002,24.9255,34.6505,2.3,100,3686.03,NA,22.39,86.02,S231
2010-10-15T17:00:12.000Z,-130.36998333333335,18.843316666666666,25.2557,34.6048,2.16,100,3685.52,NA,17.47,84.92,S231
2010-10-15T18:00:12.000Z,-130.42281666666668,18.732799999999997,25.386,34.6166,2.15,100,3682.22,NA,17.09,72.84,S231
2010-10-15T19:00:13.000Z,-130.4704,18.66443333333333,25.4056,34.6038,2.19,100,3682.55,NA,18.85,107.86,S231
2010-10-15T20:00:13.000Z,-130.49741666666668,18.652066666666666,25.3203,34.5986,2.2,100,3679.98,NA,19.42,92.75,S231
2010-10-15T21:00:13.000Z,-130.5259,18.6318,25.4297,34.5747,3.1,100,1883.75,NA,15.1,84.02,S231
2010-10-15T22:00:13.000Z,-130.57314999999997,18.560466666666663,25.4325,34.5591,2.16,100,3679.21,NA,19.24,79.04,S231
2010-10-15T23:00:13.000Z,-130.62055,18.468016666666664,25.2943,34.4617,2.11,100,3678.2,NA,18.5,84.7,S231
2010-10-16T00:00:13.000Z,-130.6624166666667,18.385716666666667,25.5447,34.5139,2.17,100,3676.13,NA,15.49,87.99,S231
2010-10-16T01:00:13.000Z,-130.70448333333331,18.30848333333333,25.7944,34.5504,2.24,100,3670.2,NA,14.79,86.7,S231
2010-10-16T02:00:13.000Z,-130.74606666666662,18.228,25.929,34.581,2.29,100,3660.62,NA,17.78,86.34,S231
2010-10-16T03:00:13.000Z,-130.79866666666666,18.132099999999998,25.9045,34.5376,2.25,100,3671.84,NA,15.14,73.18,S231
2010-10-16T04:00:13.000Z,-130.8537333333333,18.03166666666667,25.7238,34.5248,2.32,100,3674.58,NA,14.83,83.2,S231
2010-10-16T05:00:14.000Z,-130.90268333333333,17.91715,25.6022,34.557,2.43,100,3673.87,NA,19.44,86.97,S231
2010-10-16T06:00:14.000Z,-130.94726666666665,17.80785,25.5797,34.56,2.41,100,3675.77,NA,17.35,72.62,S231
2010-10-16T07:00:14.000Z,-130.99506666666665,17.70671666666667,25.6545,34.5719,2.38,100,3678.77,NA,15.37,81.41,S231
2010-10-16T08:00:14.000Z,-131.04003333333335,17.602633333333333,25.5726,34.5562,2.33,100,3679.97,NA,16.02,78.79,S231
2010-10-16T09:00:14.000Z,-131.07966666666667,17.542499999999997,25.4969,34.5381,2.4,100,3483.38,NA,14.11,92.08,S231
2010-10-16T10:00:14.000Z,-131.09941666666668,17.49553333333333,25.5447,34.5012,2.26,100,3682.07,NA,12.64,103.05,S231
2010-10-16T11:00:14.000Z,-131.13646666666668,17.408350000000002,25.4648,34.5286,2.31,103,3683.92,NA,13.04,85.57,S231
2010-10-16T12:00:14.000Z,-131.17673333333335,17.337083333333332,25.2731,34.5599,2.25,103,3684.32,NA,15.11,77.51,S231
2010-10-16T13:00:14.000Z,-131.20861666666667,17.261016666666666,25.0313,34.6438,2.22,103,3685.2,NA,13.61,75.96,S231
2010-10-16T14:00:14.000Z,-131.24121666666667,17.17781666666667,25.2117,34.604,2.18,103,3688.72,NA,15.28,67.62,S231
2010-10-16T15:00:14.000Z,-131.26465000000002,17.099966666666667,25.2426,34.6036,2.21,103,3686.52,NA,9.6,58.51,S231
2010-10-16T16:00:14.000Z,-131.28506666666667,17.0269,25.2345,34.5277,2.16,103,3689.49,NA,10.46,48.34,S231
2010-10-16T17:00:15.000Z,-131.31196666666668,16.945933333333333,25.7147,34.6249,2.14,103,3683.02,NA,14.17,53.57,S231
2010-10-16T18:00:15.000Z,-131.34681666666665,16.8546,26.2206,34.5759,2.13,103,3684.8,NA,14.4,67.76,S231
2010-10-16T19:00:15.000Z,-131.36898333333332,16.74976666666667,26.6178,34.439,2.15,103,3685.18,NA,16.3,62.21,S231
2010-10-16T20:00:15.000Z,-131.38561666666666,16.739166666666666,26.6957,34.4303,2.14,103,3682.98,NA,14.67,72.68,S231
2010-10-16T21:00:15.000Z,-131.39461666666668,16.713866666666664,26.7591,34.4171,2.35,103,2985.89,NA,17.59,58.41,S231
2010-10-16T22:00:16.000Z,-131.41373333333334,16.64326666666667,26.9506,34.4174,2.18,100,3671.05,NA,15.42,59.07,S231
2010-10-16T23:00:17.000Z,-131.45405000000002,16.549266666666668,27.0362,34.4089,2.22,100,3672.25,NA,13.13,83.09,S231
2010-10-17T00:00:17.000Z,-131.49910000000003,16.443350000000002,27.0075,34.4087,2.35,100,3669.02,NA,15.36,74.68,S231
2010-10-17T01:00:18.000Z,-131.54943333333333,16.3343,26.9794,34.3964,2.31,100,3669.88,NA,16.89,72.33,S231
2010-10-17T02:00:18.000Z,-131.6025833333333,16.221066666666665,26.8445,34.3725,1.97,103,3682.18,NA,18.02,78.36,S231
2010-10-17T03:00:19.000Z,-131.65978333333334,16.111766666666664,26.8445,34.3768,1.97,103,3684.46,NA,22.19,72.24,S231
2010-10-17T04:00:19.000Z,-131.7159166666667,15.998316666666664,26.874,34.3923,1.97,103,3685.08,NA,18.02,65,S231
2010-10-17T05:00:20.000Z,-131.7734166666667,15.89045,26.8463,34.3823,2.02,103,3684.77,NA,14.9,77.35,S231
2010-10-17T06:00:21.000Z,-131.83215,15.77985,26.8349,34.3764,2.02,103,3688.23,NA,15.27,71,S231
2010-10-17T07:00:21.000Z,-131.89378333333335,15.671100000000001,26.8028,34.3781,2.03,103,3688.88,NA,14.47,75.43,S231
2010-10-17T08:00:22.000Z,-131.96099999999998,15.561366666666666,26.8465,34.482,2.11,103,3690.28,NA,14.86,68.03,S231
2010-10-17T09:00:23.000Z,-132.02483333333336,15.466066666666665,26.8047,34.4894,2.17,103,3678.25,NA,20.95,80.75,S231
2010-10-17T10:00:24.000Z,-132.0561,15.420000000000002,26.9508,34.4528,2.23,101,3687.33,NA,19.71,65.81,S231
2010-10-17T11:00:25.000Z,-132.11428333333333,15.322766666666666,27.086,34.4152,2.19,101,3688.92,NA,16.5,65.26,S231
2010-10-17T12:00:25.000Z,-132.1658,15.22485,27.1347,34.4055,2.42,101,3686.67,NA,17.08,69.91,S231
2010-10-17T13:00:25.000Z,-132.2294333333333,15.124683333333332,27.1172,34.395,2.58,101,3683.55,NA,19.52,79.11,S231
2010-10-17T14:00:26.000Z,-132.28871666666666,15.015083333333333,27.1729,34.3856,2.13,101,3690.52,NA,20.8,73.48,S231
2010-10-17T15:00:27.000Z,-132.34385,14.89575,27.2912,34.2344,1.93,101,3694.12,NA,23.11,64.24,S231
2010-10-17T16:00:27.000Z,-132.4036,14.778016666666668,27.2194,34.0682,1.97,101,3691.17,NA,20.63,78.03,S231
2010-10-17T17:00:28.000Z,-132.46356666666668,14.660066666666669,27.2297,34.0614,1.98,101,3692.47,NA,18.68,77.11,S231
2010-10-17T18:00:28.000Z,-132.51571666666666,14.576400000000001,27.2449,34.0543,2.08,101,3690.78,NA,17.27,80.5,S231
2010-10-17T19:00:28.000Z,-132.55988333333337,14.525716666666666,27.2366,33.9512,1.99,101,3677.59,NA,19.17,79.94,S231
2010-10-17T20:00:28.000Z,-132.58029999999997,14.520650000000002,27.2285,33.9719,2.08,101,3688.42,NA,19.39,90.62,S231
2010-10-17T21:00:28.000Z,-132.59956666666665,14.512666666666668,27.2538,33.9903,2.03,101,3685.8,NA,13,79.67,S231
2010-10-17T22:00:29.000Z,-132.62436666666665,14.483466666666667,27.3057,34.0543,2.06,101,3682.33,NA,13.85,75.36,S231
2010-10-17T23:00:29.000Z,-132.66146666666668,14.414916666666668,27.2318,33.9649,2.09,101,3683.23,NA,17.99,73.33,S231
2010-10-18T00:00:29.000Z,-132.71173333333334,14.3308,27.0735,33.6203,2.16,101,3679.44,NA,13.13,64.89,S231
2010-10-18T01:00:30.000Z,-132.75396666666668,14.27105,26.9937,33.4943,2.31,101,3683.67,NA,18.93,64.43,S231
2010-10-18T02:00:30.000Z,-132.8102,14.188049999999999,26.9825,33.4489,2.32,101,3684.53,NA,23.13,79.52,S231
2010-10-18T03:00:31.000Z,-132.87578333333335,14.09,27.0055,33.379,2.38,101,3681.41,NA,16.53,65.06,S231
2010-10-18T04:00:31.000Z,-132.9396,13.998316666666664,27.0432,33.3728,2.43,101,3680.2,NA,19.19,75.56,S231
2010-10-18T05:00:32.000Z,-133.00245,13.908816666666667,27.0538,33.4171,2.42,101,3684.23,NA,22.31,63.81,S231
2010-10-18T06:00:33.000Z,-133.06373333333335,13.842233333333334,27.0573,33.4109,2.63,101,3457.13,NA,20,80.96,S231
2010-10-18T07:00:33.000Z,-133.0991,13.814966666666667,27.0616,33.4173,4.02,101,1385.98,NA,19.83,74.28,S231
2010-10-18T08:00:34.000Z,-133.1261833333333,13.801050000000002,27.0373,33.3529,3.81,101,1265.28,NA,16.91,81.21,S231
2010-10-18T09:00:35.000Z,-133.15953333333334,13.763149999999998,27.0193,33.5102,2.51,100,3686.65,NA,18.63,58.46,S231
2010-10-18T10:00:36.000Z,-133.2206833333333,13.68225,27.0313,33.485,2.41,100,3685.12,NA,15.63,65.04,S231
2010-10-18T11:00:37.000Z,-133.27873333333332,13.601833333333332,27.0459,33.394,2.35,100,3684.23,NA,19.95,62.72,S231
2010-10-18T12:00:38.000Z,-133.33791666666667,13.525383333333332,26.9527,33.4294,2.35,100,3687.92,NA,16.13,73.77,S231
2010-10-18T13:00:38.000Z,-133.39261666666667,13.45115,26.8125,33.7009,2.8,100,3688.35,NA,23.93,78.76,S231
2010-10-18T14:00:39.000Z,-133.43841666666665,13.375349999999997,26.7296,33.8136,3.7,100,3677.72,NA,19.24,68.14,S231
2010-10-18T15:00:39.000Z,-133.48194999999998,13.292216666666665,26.7267,33.6766,3.82,100,3672.72,NA,18.74,75.88,S231
2010-10-18T16:00:39.000Z,-133.53336666666667,13.198966666666669,26.7765,33.6394,3.4,100,3653.54,NA,17.06,66.9,S231
2010-10-18T17:00:40.000Z,-133.56525000000002,13.085666666666668,26.9232,33.6005,2.76,100,3673.53,NA,15.43,63.95,S231
2010-10-18T18:00:40.000Z,-133.59515,12.97073333333333,26.9409,33.598,2.49,100,3666.73,NA,20.23,66.73,S231
2010-10-18T19:00:40.000Z,-133.62305,12.9035,26.9479,33.6322,2.58,100,3665.39,NA,17.67,81.04,S231
2010-10-18T20:00:40.000Z,-133.64061666666666,12.899899999999999,26.9898,33.6239,2.46,100,3661.08,NA,17.99,66.35,S231
2010-10-18T21:00:40.000Z,-133.65451666666667,12.876583333333333,27.0269,33.6448,2.37,100,3640.57,NA,17.65,72.65,S231
2010-10-18T22:00:40.000Z,-133.682,12.806333333333335,27.0775,33.7113,2.31,100,3653.47,NA,16.08,34.3,S231
2010-10-18T23:00:40.000Z,-133.71238333333335,12.70845,27.0804,33.7564,2.68,100,3647.88,NA,17.72,65.99,S231
2010-10-19T00:00:40.000Z,-133.74129999999997,12.611116666666666,27.0815,33.8082,2.51,100,3654.93,NA,18.1,53.38,S231
2010-10-19T01:00:40.000Z,-133.75920000000002,12.559933333333333,27.0494,33.8203,2.92,100,3648.9,NA,14.88,46.88,S231
2010-10-19T02:00:40.000Z,-133.78893333333332,12.498583333333332,27.0184,33.7942,3.2,100,3650.13,NA,21.49,44.28,S231
2010-10-19T03:00:40.000Z,-133.8135166666667,12.388100000000001,26.9975,33.812,3.51,100,3645.77,NA,16.73,44.68,S231
2010-10-19T04:00:41.000Z,-133.83843333333334,12.279699999999998,27.0457,33.8171,3.67,100,3649.41,NA,20.49,52.08,S231
2010-10-19T05:00:41.000Z,-133.85496666666666,12.175933333333335,27.1296,33.8539,3.14,100,3657.48,NA,18.42,48.97,S231
2010-10-19T06:00:41.000Z,-133.88113333333334,12.070800000000002,27.1324,33.9309,2.78,100,3675.58,NA,16.31,38.46,S231
2010-10-19T07:00:41.000Z,-133.9064,12.018499999999998,27.1062,33.9479,2.89,100,3675.31,NA,19.95,66.63,S231
2010-10-19T08:00:41.000Z,-133.92194999999998,11.999183333333335,27.0973,33.9588,2.96,100,3671.26,NA,21.48,61.9,S231
2010-10-19T09:00:42.000Z,-133.93290000000002,11.951766666666666,27.0576,33.9708,2.99,100,3676.51,NA,18.89,48.04,S231
2010-10-19T10:00:42.000Z,-133.96106666666665,11.858150000000002,27.0341,33.9458,3.15,100,3640.61,NA,24.51,54.49,S231
2010-10-19T11:00:42.000Z,-133.99739999999997,11.755400000000002,26.9521,33.9366,3.15,100,3669.97,NA,18,49.81,S231
2010-10-19T12:00:42.000Z,-134.03255000000001,11.657216666666667,26.9597,33.968,3,100,3670.36,NA,21.67,55.49,S231
2010-10-19T13:00:42.000Z,-134.0715833333333,11.562216666666666,26.9834,33.9259,3.05,100,3668.95,NA,20.67,63.54,S231
2010-10-19T14:00:42.000Z,-134.11226666666667,11.476216666666668,26.981,33.9254,3.02,100,3666.53,NA,13.36,63.54,S231
2010-10-19T15:00:43.000Z,-134.14573333333337,11.395683333333334,26.9839,33.8935,2.99,100,3665.28,NA,21.69,41.69,S231
2010-10-19T16:00:43.000Z,-134.18576666666667,11.290150000000002,26.9293,33.8864,3.18,100,3660.85,NA,22.84,26.23,S231
2010-10-19T17:00:43.000Z,-134.23206666666667,11.183199999999998,26.8724,33.8678,2.93,100,3647.07,NA,21.25,32.47,S231
2010-10-19T18:00:43.000Z,-134.27824999999999,11.074483333333335,26.8903,33.8143,2.63,100,3651.48,NA,21.43,64.57,S231
2010-10-19T19:00:43.000Z,-134.32233333333332,11.032000000000002,26.9094,33.8428,2.62,100,3648.23,NA,18.1,48.53,S231
2010-10-19T20:00:43.000Z,-134.36366666666666,11.019083333333333,26.8993,33.8506,2.67,100,3644.13,NA,21.5,60.85,S231
2010-10-19T21:00:43.000Z,-134.40578333333335,11.006983333333336,26.9046,33.8523,2.59,100,3565.28,NA,19.73,69.29,S231
2010-10-19T22:00:43.000Z,-134.44998333333334,10.94925,26.9398,33.8033,2.66,100,3504.72,NA,20.05,69.96,S231
2010-10-19T23:00:43.000Z,-134.49956666666668,10.845633333333335,26.9603,33.737,3.07,100,3628.79,NA,20.6,71.43,S231
2010-10-20T00:00:43.000Z,-134.55228333333332,10.741083333333332,27.1718,33.5611,2.96,100,3628.56,NA,21.15,63.89,S231
2010-10-20T01:00:44.000Z,-134.60348333333332,10.6425,27.0547,33.4625,3.91,100,3610.46,NA,19.07,61.2,S231
2010-10-20T02:00:44.000Z,-134.64861666666667,10.557950000000002,27.0815,33.4005,4.07,100,3633.22,NA,18.4,68.2,S231
2010-10-20T03:00:44.000Z,-134.69594999999998,10.4793,26.9295,33.3315,4.91,100,3642.82,NA,13.91,72.42,S231
2010-10-20T04:00:44.000Z,-134.7441333333333,10.40415,26.8684,33.2338,5.88,100,3643.58,NA,16.06,74.36,S231
2010-10-20T05:00:44.000Z,-134.78813333333335,10.385716666666665,26.7899,33.1861,6.1,100,3648.18,NA,17.2,82.39,S231
2010-10-20T06:00:44.000Z,-134.81783333333334,10.386683333333334,26.7366,33.1761,6.3,100,3647.75,NA,9.01,67.74,S231
2010-10-20T07:00:44.000Z,-134.84399999999997,10.374816666666668,26.6425,33.1698,6.44,100,3647.3,NA,13.32,46.56,S231
2010-10-20T08:00:44.000Z,-134.89216666666667,10.276083333333336,26.7532,33.4954,4.97,100,3633.6,NA,13.91,42.28,S231
2010-10-20T09:00:45.000Z,-134.9408,10.183566666666666,26.4969,33.5837,5.71,100,3653.77,NA,13.78,60.61,S231
2010-10-20T10:00:45.000Z,-134.97261666666668,10.13475,26.3204,33.4954,5.69,100,3646.18,NA,9.39,14.54,S231
2010-10-20T11:00:45.000Z,-135.0151333333333,10.036516666666667,26.299,33.4472,5.06,100,3653.97,NA,14.31,40.09,S231
2010-10-20T12:00:45.000Z,-135.04645000000002,9.934966666666664,26.2383,33.4428,5.3,100,3652.03,NA,14.26,32.27,S231
2010-10-20T13:00:46.000Z,-135.06764999999996,9.830250000000001,26.165,33.5004,5,100,3629.82,NA,12.36,42.91,S231
2010-10-20T14:00:46.000Z,-135.07865,9.720216666666666,26.0995,33.4908,4.38,100,3656.56,NA,13.88,64.08,S231
2010-10-20T15:00:46.000Z,-135.07993333333332,9.611733333333332,26.9218,33.3757,3.54,100,3652.85,NA,18.58,43.01,S231
2010-10-20T16:00:46.000Z,-135.07240000000002,9.5102,27.2894,33.2645,3.04,100,3641.77,NA,13.68,60.18,S231
2010-10-20T17:00:47.000Z,-135.06683333333334,9.459133333333334,27.2987,32.6801,2.81,100,3670.9,NA,2.59,14.93,S231
2010-10-20T18:00:47.000Z,-135.07353333333333,9.373000000000001,27.4766,32.8084,2.55,100,3647.05,NA,9.3,213.73,S231
2010-10-20T19:00:47.000Z,-135.06746666666666,9.313133333333333,27.5993,32.9151,2.16,100,3690.58,NA,14.68,201.37,S231
2010-10-20T20:00:47.000Z,-135.01865,9.3369,27.6217,32.965,2.11,100,3687.97,NA,9.86,225.8,S231
2010-10-20T21:00:47.000Z,-134.97856666666667,9.355599999999999,27.6669,32.909,2,100,3688.48,NA,8.15,218.13,S231
2010-10-20T22:00:47.000Z,-134.94425,9.345516666666667,27.7175,32.8675,1.9,100,3678.75,NA,12.64,206.75,S231
2010-10-20T23:00:47.000Z,-134.92935000000003,9.269400000000001,27.904,33.1189,1.9,100,3685.84,NA,14.52,190.54,S231
2010-10-21T00:00:47.000Z,-134.92130000000003,9.189433333333332,27.882,33.1163,1.96,100,3658.28,NA,16.36,202.64,S231
2010-10-21T01:00:48.000Z,-134.91376666666667,9.104783333333334,27.9711,33.2859,2.09,100,3663.88,NA,7.68,230.86,S231
2010-10-21T02:00:48.000Z,-134.89136666666667,9.047516666666668,27.9766,33.3894,2.12,100,3672.88,NA,10.1,199.22,S231
2010-10-21T03:00:48.000Z,-134.8772,8.969683333333334,27.9296,33.4112,2.15,100,3660.75,NA,10.92,235.95,S231
2010-10-21T04:00:48.000Z,-134.86811666666668,8.887733333333335,27.8929,33.4786,2.31,100,3678.23,NA,14.8,242.02,S231
2010-10-21T05:00:48.000Z,-134.8808,8.814533333333332,27.8435,33.6491,2.55,100,3663.08,NA,13.72,197.24,S231
2010-10-21T06:00:49.000Z,-134.89273333333333,8.743299999999998,27.9217,34.1474,2.85,100,3653.67,NA,12.38,189.24,S231
2010-10-21T07:00:49.000Z,-134.8971333333333,8.667083333333332,27.955,34.1791,2.97,100,3678.88,NA,11.66,213.39,S231
2010-10-21T08:00:50.000Z,-134.90826666666666,8.585700000000001,27.9323,34.2302,3.03,100,3658.87,NA,6.75,221.52,S231
2010-10-21T09:00:50.000Z,-134.9181,8.5031,27.872,34.2123,3.07,100,3663.73,NA,8.66,224.93,S231
2010-10-21T10:00:50.000Z,-134.89835,8.46585,27.8515,34.3016,3.17,100,3670.8,NA,8.88,212.86,S231
2010-10-21T11:00:51.000Z,-134.9163,8.376666666666669,27.8984,34.3877,3.65,100,3651.59,NA,8.41,221.03,S231
2010-10-21T12:00:51.000Z,-134.93348333333333,8.288866666666667,27.8783,34.4644,3.46,100,3632.2,NA,10.18,238.53,S231
2010-10-21T13:00:51.000Z,-134.95468333333335,8.193266666666666,27.7726,34.5337,4.18,100,3668.82,NA,8.5,269.81,S231
2010-10-21T14:00:52.000Z,-134.98403333333331,8.1038,27.5103,34.6562,4.79,100,3664.93,NA,10.69,268.65,S231
2010-10-21T15:00:52.000Z,-135.0136333333333,8.01845,27.3734,34.5736,4.71,100,3660.8,NA,11.52,180.79,S231
2010-10-21T16:00:53.000Z,-135.04033333333334,7.93965,27.286,34.5933,4.58,100,3658.05,NA,12.61,196.8,S231
2010-10-21T17:00:54.000Z,-135.06098333333333,7.867083333333333,27.1597,34.3211,4.4,100,3661.37,NA,13.71,226.34,S231
2010-10-21T18:00:54.000Z,-135.08836666666667,7.794433333333335,27.1686,34.5793,4.5,100,3666.82,NA,13.11,193.53,S231
2010-10-21T19:00:54.000Z,-135.10936666666666,7.7303999999999995,27.0904,34.6003,4.18,100,3664.56,NA,13.81,159.27,S231
2010-10-21T20:00:54.000Z,-135.08065000000002,7.74985,27.107,34.6112,4.47,100,3652.97,NA,8.55,166.08,S231
2010-10-21T21:00:54.000Z,-135.05593333333331,7.758266666666667,27.1364,34.6496,3.69,100,3659.2,NA,8.08,183.81,S231
2010-10-21T22:00:54.000Z,-135.034,7.751933333333333,27.1619,34.6291,3.67,100,3649.36,NA,7.21,133.13,S231
2010-10-21T23:00:55.000Z,-135.02461666666667,7.732683333333333,27.3571,34.6224,3.04,100,3649.47,NA,10.83,169.47,S231
2010-10-22T00:00:55.000Z,-135.02985,7.711733333333333,27.482,34.6322,3.79,100,3647.2,NA,10.65,152.52,S231
2010-10-22T01:00:55.000Z,-135.03493333333333,7.694566666666667,27.5013,34.6347,4.01,100,3643.98,NA,7.9,181.17,S231
2010-10-22T02:00:55.000Z,-135.05285,7.650283333333334,27.5046,34.648,4.18,100,3640.78,NA,9.91,154.15,S231
2010-10-22T03:00:55.000Z,-135.07418333333334,7.557066666666666,27.4595,34.6605,5.18,100,3642.1,NA,8.89,166.28,S231
2010-10-22T04:00:56.000Z,-135.11165,7.472016666666668,27.1786,34.756100000000004,6.84,100,3645.07,NA,7.29,155.65,S231
2010-10-22T05:00:56.000Z,-135.15555,7.388633333333333,27.1781,34.7742,7.13,100,3648.43,NA,8,192.61,S231
2010-10-22T06:00:56.000Z,-135.19718333333336,7.3130999999999995,27.1931,34.7923,6.93,100,3652.84,NA,8.99,154.01,S231
2010-10-22T07:00:56.000Z,-135.20069999999998,7.3004500000000005,25.9177,34.5358,7.24,100,3617.2,NA,6.98,239.21,S231
2010-10-22T08:00:56.000Z,-135.21436666666665,7.235099999999999,25.8473,34.4192,6.76,100,3640.46,NA,10.44,187.93,S231
2010-10-22T09:00:57.000Z,-135.21728333333334,7.183766666666665,25.8261,34.424,6.66,100,3648.16,NA,9.07,182.18,S231
2010-10-22T10:00:57.000Z,-135.2024,7.14975,25.8205,34.429,6.58,100,3649.33,NA,4.92,150.2,S231
2010-10-22T11:00:57.000Z,-135.21211666666667,7.07185,25.9844,34.474,6.39,100,3651.03,NA,11.19,284.31,S231
2010-10-22T12:00:58.000Z,-135.23056666666668,6.996516666666667,25.9936,34.4112,6.07,100,3635.79,NA,9.73,198.54,S231
2010-10-22T13:00:58.000Z,-135.2534666666667,6.9209000000000005,25.932,34.4019,5.48,100,3655.07,NA,5,130.09,S231
2010-10-22T14:00:58.000Z,-135.28083333333333,6.843383333333332,25.8688,34.3853,4.97,100,3652.43,NA,6.52,81.96,S231
2010-10-22T15:00:59.000Z,-135.3127,6.765750000000001,25.9375,34.3872,4.54,100,3660.4,NA,5.96,14.8,S231
2010-10-22T16:00:59.000Z,-135.34798333333336,6.691283333333333,25.97,34.3794,4.79,100,3624.85,NA,8.32,162,S231
2010-10-22T17:00:00.000Z,-135.3803333333333,6.6172499999999985,25.9378,34.3894,4.92,100,3657.11,NA,2.09,95.65,S231
2010-10-22T18:00:00.000Z,-135.41613333333336,6.540499999999999,25.952,34.4011,4.18,100,3635.44,NA,1.9,191.49,S231
2010-10-22T19:00:00.000Z,-135.41726666666668,6.530333333333335,26.0107,34.3806,4.42,100,3654.87,NA,3.86,129.13,S231
2010-10-22T20:00:00.000Z,-135.39433333333335,6.556616666666668,26.054,34.3835,4.3,100,3652.4,NA,2.72,150.92,S231
2010-10-22T21:00:00.000Z,-135.37101666666666,6.582916666666667,26.2481,34.3895,3.2,100,3656.2,NA,4.5,168.16,S231
2010-10-22T22:00:00.000Z,-135.37659999999997,6.556449999999999,26.3257,34.3775,2.82,100,3644.89,NA,8.87,183.84,S231
2010-10-22T23:00:00.000Z,-135.42175,6.483166666666667,26.3039,34.1123,2.78,100,3639.6,NA,8.7,194.43,S231
2010-10-23T00:00:00.000Z,-135.46405000000001,6.415249999999999,26.2796,34.3098,3.56,100,3642.3,NA,13.18,154.54,S231
2010-10-23T01:00:01.000Z,-135.50285000000002,6.356066666666668,26.1107,34.2941,4.67,100,3620.6,NA,15.54,167.17,S231
2010-10-23T02:00:01.000Z,-135.54785,6.297149999999999,26.0511,34.3277,5.16,100,3633.13,NA,11.29,179.14,S231
2010-10-23T03:00:01.000Z,-135.5909333333333,6.234816666666668,26.0417,34.2995,6.21,100,3629.37,NA,5.1,200.99,S231
2010-10-23T04:00:01.000Z,-135.64568333333332,6.170366666666666,26.051,34.2804,7.72,100,3624.98,NA,5.69,233.79,S231
2010-10-23T05:00:01.000Z,-135.7027,6.099250000000001,26.0211,34.1873,7.99,100,3619.57,NA,3.05,282.11,S231
2010-10-23T06:00:02.000Z,-135.76198333333332,6.036266666666667,25.8761,33.986,8.09,100,3642.23,NA,19.7,125.59,S231
2010-10-23T07:00:02.000Z,-135.7682166666667,6.060583333333333,25.8423,33.8172,7.91,100,3642.1,NA,5.15,162.72,S231
2010-10-23T08:00:03.000Z,-135.8247,6.000883333333334,25.9515,34.2131,8.16,100,3649.37,NA,6.64,183.84,S231
2010-10-23T09:00:03.000Z,-135.87563333333335,5.948149999999999,25.9808,34.2404,7.56,100,3653.68,NA,12.91,167.94,S231
2010-10-23T10:00:04.000Z,-135.9035,5.933933333333332,26.0073,34.2867,7.1,100,3655.77,NA,15.48,156.72,S231
2010-10-23T11:00:04.000Z,-135.96375,5.871950000000001,26.0261,34.2738,6.76,100,3659.03,NA,16.38,160.18,S231
2010-10-23T12:00:04.000Z,-136.02523333333335,5.810116666666667,26.0015,34.3063,6.13,100,3662.87,NA,17.36,141.74,S231
2010-10-23T13:00:04.000Z,-136.08728333333332,5.7466333333333335,25.9832,34.3072,5.63,100,3665.8,NA,16.07,137.63,S231
2010-10-23T14:00:05.000Z,-136.15488333333332,5.684216666666666,25.994,34.3113,4.96,100,3668.33,NA,14.42,165.59,S231
2010-10-23T15:00:05.000Z,-136.2179833333333,5.6246,25.9792,34.3149,4.51,100,3666.85,NA,10.55,164.83,S231
2010-10-23T16:00:06.000Z,-136.28685000000002,5.5606333333333335,26.0131,34.3219,3.77,100,3669.97,NA,12.66,140.48,S231
2010-10-23T17:00:06.000Z,-136.3579,5.499366666666667,26.0292,34.3356,3.1,100,3662.97,NA,15.7,147.87,S231
2010-10-23T18:00:06.000Z,-136.3732,5.4195166666666665,26.0901,34.3809,3.11,100,3660.07,NA,9.37,147.06,S231
2010-10-23T19:00:06.000Z,-136.38791666666668,5.347233333333333,26.3065,34.4905,2.66,100,3617.05,NA,9.96,149.43,S231
2010-10-23T20:00:06.000Z,-136.40821666666668,5.381499999999999,26.4576,34.5046,3.12,100,3641.95,NA,11.39,120.74,S231
2010-10-23T21:00:06.000Z,-136.43068333333332,5.415966666666667,26.6309,34.528,2.84,100,3666.1,NA,10.97,146.94,S231
2010-10-23T22:00:07.000Z,-136.46766666666664,5.441133333333332,26.6651,34.5289,2.51,100,3660.7,NA,11.1,144.46,S231
2010-10-23T23:00:07.000Z,-136.5177833333333,5.427816666666667,26.7891,34.6044,2.76,100,3658.57,NA,14.26,140.15,S231
2010-10-24T00:00:07.000Z,-136.5836,5.402033333333332,26.7504,34.5854,3.79,100,3650.8,NA,13.23,133.99,S231
2010-10-24T01:00:07.000Z,-136.63254999999998,5.3735333333333335,26.5222,34.5245,4.53,100,3614.37,NA,14.1,115.74,S231
2010-10-24T02:00:07.000Z,-136.68083333333334,5.354349999999999,26.4311,34.4934,4.83,100,3301.16,NA,12.61,112.16,S231
2010-10-24T03:00:07.000Z,-136.72438333333332,5.3538499999999996,26.3932,34.4853,5.54,100,3522.9,NA,11.3,138.84,S231
2010-10-24T04:00:07.000Z,-136.77125,5.336833333333335,26.3741,34.4803,6.94,100,3425.85,NA,13.18,127.56,S231
2010-10-24T05:00:08.000Z,-136.81823333333332,5.3251833333333325,26.321,34.4815,7.11,100,3637.72,NA,13.34,144.28,S231
2010-10-24T06:00:08.000Z,-136.86688333333333,5.310883333333334,26.2844,34.4798,7.27,100,3620.48,NA,12.44,120.59,S231
2010-10-24T07:00:08.000Z,-136.9210166666667,5.285683333333333,26.2822,34.4904,7.37,100,3647.75,NA,13.81,123.89,S231
2010-10-24T08:00:08.000Z,-136.97766666666666,5.260816666666666,26.3297,34.5079,7.15,100,3648.8,NA,15.4,124.93,S231
2010-10-24T09:00:08.000Z,-137.03806666666668,5.232383333333333,26.2949,34.5062,7.14,101,3649.21,NA,16.63,123.36,S231
2010-10-24T10:00:08.000Z,-137.08541666666667,5.270016666666668,26.2384,34.4825,7.22,101,3589.65,NA,14.3,109.92,S231
2010-10-24T11:00:09.000Z,-137.1473,5.336783333333333,26.1616,34.4485,7.31,101,3647.64,NA,16.87,128.9,S231
2010-10-24T12:00:09.000Z,-137.21873333333332,5.419300000000001,26.0855,34.4187,7.15,101,3648.3,NA,13.75,138.41,S231
2010-10-24T13:00:09.000Z,-137.2816,5.4979000000000005,26.0274,34.4083,6.57,101,3652.72,NA,13.63,124.37,S231
2010-10-24T14:00:09.000Z,-137.34015000000002,5.580450000000001,25.9797,34.4031,5.68,101,3655.05,NA,15.46,130.05,S231
2010-10-24T15:00:09.000Z,-137.40246666666667,5.669033333333335,25.9272,34.4015,4.69,101,3659.3,NA,15.47,141.66,S231
2010-10-24T16:00:10.000Z,-137.4661,5.758183333333333,25.9089,34.4002,3.82,101,3660.73,NA,12.52,119.63,S231
2010-10-24T17:00:10.000Z,-137.51893333333334,5.845383333333333,25.8714,34.3928,3.26,101,3657.08,NA,11.58,150.42,S231
2010-10-24T18:00:10.000Z,-137.56848333333335,5.932016666666667,25.8852,34.3869,3.65,101,3641.58,NA,15.17,130.59,S231
2010-10-24T19:00:10.000Z,-137.60625000000002,6.011699999999999,25.9008,34.3827,3,101,3649.39,NA,12.78,135.05,S231
2010-10-24T20:00:10.000Z,-137.61633333333333,6.068116666666667,25.9782,34.3844,2.83,101,3647.55,NA,11.71,151.44,S231
2010-10-24T21:00:10.000Z,-137.62713333333335,6.119516666666668,25.9801,34.386,2.91,101,3626.98,NA,11.71,100.34,S231
2010-10-24T22:00:10.000Z,-137.66213333333332,6.186816666666665,26.0555,34.3908,2.82,101,3646.05,NA,12.34,134.49,S231
2010-10-24T23:00:11.000Z,-137.70325000000003,6.278583333333334,26.1212,34.4025,2.92,101,3647.52,NA,14.4,146.19,S231
2010-10-25T00:00:11.000Z,-137.73921666666664,6.37005,26.1628,34.4133,3.11,101,3643.52,NA,12.7,152.51,S231
2010-10-25T01:00:11.000Z,-137.76695,6.459483333333333,26.1108,34.4385,3.48,101,3640.84,NA,13.59,126.59,S231
2010-10-25T02:00:11.000Z,-137.79163333333332,6.549216666666667,26.0692,34.4687,4.23,101,3636.7,NA,10.32,127.82,S231
2010-10-25T03:00:11.000Z,-137.81126666666668,6.638283333333334,25.9887,34.4835,4.75,101,3635.03,NA,13.85,152.05,S231
2010-10-25T04:00:11.000Z,-137.82150000000004,6.723933333333335,25.936,34.4934,6.25,101,3637.78,NA,13.15,179.92,S231
2010-10-25T05:00:11.000Z,-137.84886666666668,6.83075,25.7217,34.5219,6.58,101,3611.6,NA,10.08,153.74,S231
2010-10-25T06:00:12.000Z,-137.93543333333335,6.92875,27.2729,34.7845,7.51,100,3622.89,NA,9.49,129.6,S231
2010-10-25T07:00:12.000Z,-138.03335,7.01385,27.2444,34.7708,7.11,100,3639.42,NA,12.94,174.67,S231
2010-10-25T08:00:12.000Z,-138.1273,7.103683333333334,27.1276,34.7776,7.54,100,3641.02,NA,13.69,156.04,S231
2010-10-25T09:00:12.000Z,-138.2173,7.190183333333332,27.0832,34.8008,7.71,100,3637.47,NA,17.74,141.96,S231
2010-10-25T10:00:12.000Z,-138.27944999999997,7.260416666666667,26.9615,34.8041,7.73,100,3640.28,NA,14.97,160.9,S231
2010-10-25T11:00:13.000Z,-138.36893333333333,7.361,26.96,34.8113,7.33,100,3646.27,NA,12.64,177.1,S231
2010-10-25T12:00:13.000Z,-138.45156666666665,7.457516666666667,27.0078,34.8114,7.17,100,3643.13,NA,14.28,168.08,S231
2010-10-25T13:00:13.000Z,-138.50433333333336,7.52325,27.0051,34.7772,6.35,100,3650.93,NA,17.5,171.51,S231
2010-10-25T14:00:13.000Z,-138.5419,7.582399999999999,27.0103,34.7816,5.83,100,3651.53,NA,17.41,161.83,S231
2010-10-25T15:00:14.000Z,-138.58374999999998,7.644516666666668,27.0931,34.788,5.29,100,3649.88,NA,17.58,162.13,S231
2010-10-25T16:00:14.000Z,-138.61996666666667,7.700933333333333,27.1554,34.7666,4.86,100,3654.82,NA,14.27,159.49,S231
2010-10-25T17:00:14.000Z,-138.6526,7.757350000000001,27.1881,34.7576,4.99,100,3651.34,NA,10.81,131.22,S231
2010-10-25T18:00:15.000Z,-138.68353333333334,7.811733333333333,27.2044,34.7548,5.14,100,3651.75,NA,11.07,136.75,S231
2010-10-25T19:00:15.000Z,-138.6874333333333,7.847650000000002,27.222,34.7623,5.25,100,3650.93,NA,15.13,148.6,S231
2010-10-25T20:00:15.000Z,-138.67523333333332,7.868949999999999,27.2069,34.7603,4.74,100,3648.37,NA,12.46,143.72,S231
2010-10-25T21:00:15.000Z,-138.66925000000003,7.883216666666667,27.2317,34.7688,4.04,100,3464.79,NA,13.55,177.73,S231
2010-10-25T22:00:15.000Z,-138.68158333333335,7.9223,27.1719,34.771,4.99,100,3642.32,NA,8.9,143.88,S231
2010-10-25T23:00:15.000Z,-138.70246666666668,7.973983333333333,27.2109,34.7763,5.29,100,3636.15,NA,13.78,178.33,S231
2010-10-26T00:00:15.000Z,-138.71558333333334,8.02275,27.2127,34.772,4.18,100,3612.89,NA,16.43,188.4,S231
2010-10-26T01:00:15.000Z,-138.73386666666664,8.0787,27.1618,34.7408,5.22,100,3614.13,NA,13.55,162.49,S231
2010-10-26T02:00:15.000Z,-138.75415,8.135033333333334,27.1917,34.7429,5.18,100,3627.79,NA,11.49,195.89,S231
2010-10-26T03:00:16.000Z,-138.77913333333333,8.189616666666664,27.3186,34.7129,5.67,100,3628.65,NA,8.92,193.04,S231
2010-10-26T04:00:16.000Z,-138.78956666666664,8.2441,27.4871,34.7508,6.92,100,3632.67,NA,10.2,159.6,S231
2010-10-26T05:00:16.000Z,-138.7951833333333,8.290383333333333,27.4487,34.6342,7.03,100,3633.35,NA,6.17,175.76,S231
2010-10-26T06:00:16.000Z,-138.82680000000002,8.350266666666666,27.412,34.5252,6.94,100,3631.95,NA,14.25,187.91,S231
2010-10-26T07:00:16.000Z,-138.88798333333335,8.439783333333331,27.5197,34.3594,5.85,100,3630.18,NA,8.43,172.62,S231
2010-10-26T08:00:16.000Z,-138.94643333333332,8.531566666666667,27.777,34.288,4.61,100,3651.68,NA,13.52,187.1,S231
2010-10-26T09:00:17.000Z,-139.0021,8.610783333333332,27.6554,34.0137,4.19,100,3656.38,NA,16.32,191.4,S231
2010-10-26T10:00:17.000Z,-139.02255,8.660583333333333,27.6733,33.8027,3.4,100,3661.57,NA,18.86,166.73,S231
2010-10-26T11:00:17.000Z,-139.09188333333336,8.740183333333334,27.9501,33.6991,2.79,100,3658.67,NA,11.21,143.06,S231
2010-10-26T12:00:17.000Z,-139.1585,8.823833333333331,27.9642,33.6567,2.74,100,3663.72,NA,6.92,213.16,S231
2010-10-26T13:00:18.000Z,-139.22636666666665,8.904450000000002,27.9838,33.6834,2.73,100,3662.07,NA,6.15,170.55,S231
2010-10-26T14:00:18.000Z,-139.28898333333336,8.989466666666669,27.9632,33.6186,2.73,100,3668.52,NA,14.12,188.39,S231
2010-10-26T15:00:18.000Z,-139.35225000000003,9.071466666666668,27.8828,33.4392,2.7,100,3667.87,NA,4.68,177.86,S231
2010-10-26T16:00:19.000Z,-139.4143,9.150416666666665,27.8825,33.4525,2.65,100,3668.73,NA,10.59,37.98,S231
2010-10-26T17:00:19.000Z,-139.4801,9.228250000000001,27.788,33.3974,2.67,100,3654.9,NA,10.46,57.02,S231
2010-10-26T18:00:19.000Z,-139.55010000000001,9.304933333333336,27.7847,33.4097,2.67,100,3668.62,NA,11.47,34.63,S231
2010-10-26T19:00:19.000Z,-139.61545,9.381433333333332,27.8717,33.5355,2.67,100,3669.11,NA,16.53,81.7,S231
2010-10-26T20:00:20.000Z,-139.60108333333332,9.381883333333333,27.9127,33.551,2.55,100,3668.59,NA,4.11,122.5,S231
2010-10-26T21:00:20.000Z,-139.6134166666667,9.422883333333335,27.9232,33.555,2.6,100,3660.33,NA,10.29,46.02,S231
2010-10-26T22:00:20.000Z,-139.6342,9.539566666666667,27.9193,33.5587,2.45,100,3545.18,NA,14.34,92.64,S231
2010-10-26T23:00:20.000Z,-139.65661666666665,9.6541,27.7954,33.4107,2.61,100,3584.23,NA,18.01,83.13,S231
2010-10-27T00:00:20.000Z,-139.68464999999998,9.755066666666666,27.7664,33.4434,2.57,100,3651.68,NA,23.66,69.49,S231
2010-10-27T01:00:20.000Z,-139.71283333333335,9.845183333333335,27.7781,33.483,2.65,100,3417.03,NA,23.87,62.55,S231
2010-10-27T02:00:21.000Z,-139.7699,9.899516666666665,27.7314,33.4463,2.62,100,3442.25,NA,27.15,63.03,S231
2010-10-27T03:00:21.000Z,-139.82771666666667,9.957633333333332,27.6912,33.4483,2.6,100,3400.67,NA,19.5,64.13,S231
2010-10-27T04:00:21.000Z,-139.89114999999998,10.0176,27.6599,33.5002,2.49,100,3653.87,NA,22.15,70.21,S231
2010-10-27T05:00:21.000Z,-139.9517333333333,10.074566666666668,27.6744,33.483,2.55,100,3577,NA,17.51,57.42,S231
2010-10-27T06:00:21.000Z,-140.01716666666667,10.129833333333332,27.6677,33.4924,2.56,100,3640.52,NA,21.98,82.83,S231
2010-10-27T07:00:21.000Z,-140.08748333333335,10.189483333333333,27.6272,33.4944,2.59,100,3658.48,NA,22.63,62.37,S231
2010-10-27T08:00:22.000Z,-140.17199999999997,10.264916666666664,27.5116,33.5076,2.82,100,3408.82,NA,18.26,61.54,S231
2010-10-27T09:00:22.000Z,-140.25226666666669,10.324366666666668,27.4192,33.4348,3.36,100,3635.77,NA,19.41,62.39,S231
2010-10-27T10:00:22.000Z,-140.27689999999998,10.309266666666668,27.4861,33.5093,3.27,100,3599.87,NA,25.52,69.86,S231
2010-10-27T11:00:22.000Z,-140.36908333333335,10.3875,27.3304,33.3241,3.92,100,3463,NA,20.69,63.8,S231
2010-10-27T12:00:23.000Z,-140.4613,10.459550000000002,27.1935,33.3582,4.06,100,3560.98,NA,18.19,67.22,S231
2010-10-27T13:00:23.000Z,-140.55148333333335,10.527116666666666,27.0719,33.3597,4.26,100,3617.52,NA,22.17,52.61,S231
2010-10-27T14:00:24.000Z,-140.64613333333332,10.60165,26.9598,33.4008,4.13,100,3616.23,NA,21.79,59.2,S231
2010-10-27T15:00:24.000Z,-140.74228333333332,10.6717,26.7703,33.4719,3.72,100,3635.95,NA,16.69,63.24,S231
2010-10-27T16:00:24.000Z,-140.84044999999998,10.739033333333335,26.5828,33.548,3.78,100,3470.89,NA,21.14,72.08,S231
2010-10-27T17:00:25.000Z,-140.92678333333333,10.799833333333334,26.3657,33.6853,2.88,100,3648.87,NA,19.72,68.77,S231
2010-10-27T18:00:25.000Z,-141.00921666666665,10.858266666666667,26.4861,33.6924,2.63,100,3593.75,NA,16.34,79.64,S231
2010-10-27T19:00:25.000Z,-141.081,10.900599999999999,26.5477,33.7123,2.62,100,3646.57,NA,18.76,65.19,S231
2010-10-27T20:00:25.000Z,-141.10773333333333,10.886000000000001,26.5635,33.7198,2.53,100,3644.62,NA,16,45.29,S231
2010-10-27T21:00:25.000Z,-141.11899999999997,10.854366666666667,26.6085,33.7046,2.44,100,3632.25,NA,12.93,66.61,S231
2010-10-27T22:00:25.000Z,-141.18595,10.88965,26.6851,33.7459,2.46,100,3633.37,NA,15.62,64.96,S231
2010-10-27T23:00:25.000Z,-141.26376666666664,10.949566666666666,26.7621,33.8877,2.4,100,3632.9,NA,16.39,67.85,S231
2010-10-28T00:00:25.000Z,-141.3497166666667,11.010233333333334,26.787,34.1066,2.31,100,3644.7,NA,16.86,64.9,S231
2010-10-28T01:00:25.000Z,-141.43914999999998,11.072766666666665,26.7966,34.0703,2.4,100,3637.38,NA,19.29,59.27,S231
2010-10-28T02:00:26.000Z,-141.53921666666668,11.12575,26.7684,34.0598,2.5,100,3633.34,NA,18.97,60.66,S231
2010-10-28T03:00:26.000Z,-141.63735,11.183866666666667,26.7313,34.0816,2.49,100,3639.88,NA,18.25,68.49,S231
2010-10-28T04:00:26.000Z,-141.73125,11.23681666666667,26.6895,34.0892,2.56,100,3639.92,NA,18.51,61.77,S231
2010-10-28T05:00:26.000Z,-141.82590000000002,11.292783333333334,26.6169,34.0574,2.55,100,3638.95,NA,18.95,57.09,S231
2010-10-28T06:00:26.000Z,-141.92395000000002,11.350566666666667,26.6408,34.0797,2.63,100,3613.02,NA,20.94,67.85,S231
2010-10-28T07:00:26.000Z,-141.93358333333333,11.320416666666667,26.5946,34.0558,3.58,100,1983.18,NA,15.21,51.94,S231
2010-10-28T08:00:27.000Z,-141.94716666666665,11.299783333333336,26.5978,34.045,2.62,100,3506.66,NA,16.94,61.66,S231
2010-10-28T09:00:27.000Z,-141.95831666666663,11.2813,26.6173,34.0099,4.41,100,1013.63,NA,15.66,63.25,S231
2010-10-28T10:00:27.000Z,-141.99946666666668,11.29668333333333,26.6797,33.9683,2.46,100,3642.21,NA,15.68,63.59,S231
2010-10-28T11:00:27.000Z,-142.1067833333333,11.36655,26.7479,33.9011,2.48,100,3613.92,NA,14,56.95,S231
2010-10-28T12:00:28.000Z,-142.21606666666665,11.435033333333333,26.7139,33.8336,2.51,100,3626.56,NA,17.18,64.4,S231
2010-10-28T13:00:28.000Z,-142.32329999999996,11.50488333333333,26.687,33.7517,2.57,100,3635.12,NA,16.61,59.22,S231
2010-10-28T14:00:28.000Z,-142.4251,11.575266666666666,26.6843,33.6495,2.53,100,3603.2,NA,17.3,49.69,S231
2010-10-28T15:00:28.000Z,-142.52798333333334,11.646666666666667,26.6683,33.577,2.52,100,3611.97,NA,18.19,50.64,S231
2010-10-28T16:00:29.000Z,-142.62286666666665,11.718866666666669,26.6035,33.5775,2.62,100,3620.72,NA,16.68,53.84,S231
2010-10-28T17:00:29.000Z,-142.71833333333336,11.790466666666667,26.5792,33.5709,2.62,100,3624.67,NA,19.18,59.13,S231
2010-10-28T18:00:29.000Z,-142.80781666666667,11.860916666666668,26.6644,33.5307,2.41,100,3615.28,NA,15.42,77.82,S231
2010-10-28T19:00:29.000Z,-142.87858333333335,11.908033333333332,26.7454,33.5527,2.42,100,3623.02,NA,16,64.67,S231
2010-10-28T20:00:29.000Z,-142.89013333333332,11.897649999999999,26.7687,33.5555,2.45,100,3624.26,NA,16.9,54.54,S231
2010-10-28T21:00:29.000Z,-142.89741666666663,11.874433333333332,26.7157,33.5384,2.46,100,3397.41,NA,18.72,56.65,S231
2010-10-28T22:00:30.000Z,-142.9784,11.927366666666668,26.8775,33.6209,2.38,100,3536.52,NA,12.74,62.45,S231
2010-10-28T23:00:30.000Z,-143.06715,11.985583333333334,26.922,33.6299,2.44,100,3556.4,NA,14.75,64.78,S231
2010-10-29T00:00:30.000Z,-143.15538333333333,12.042983333333332,27.03,33.642,2.44,100,3609.15,NA,16.66,62.26,S231
2010-10-29T01:00:30.000Z,-143.24363333333335,12.098383333333333,27.0393,33.5252,2.46,100,3606.44,NA,14.76,65.96,S231
2010-10-29T02:00:30.000Z,-143.33325,12.150883333333335,27.05,33.5017,2.59,100,3598.82,NA,19.25,84.98,S231
2010-10-29T03:00:30.000Z,-143.4252833333333,12.204683333333332,27.0932,33.5465,2.48,100,3607.74,NA,17.9,58.97,S231
2010-10-29T04:00:30.000Z,-143.52061666666665,12.265633333333334,27.1583,33.6298,2.43,100,3595.33,NA,11.96,67.97,S231
2010-10-29T05:00:30.000Z,-143.61395,12.325183333333333,27.1497,33.6698,2.46,100,3614.2,NA,19.11,73.42,S231
2010-10-29T06:00:30.000Z,-143.68855,12.364183333333337,27.1404,33.68,3.65,100,1706.67,NA,15.71,65.98,S231
2010-10-29T07:00:31.000Z,-143.69723333333334,12.345966666666667,27.1159,33.6793,2.54,100,3611.9,NA,11.04,63.3,S231
2010-10-29T08:00:31.000Z,-143.7122666666667,12.333499999999999,27.1109,33.6733,2.52,100,3583.32,NA,14.9,67,S231
2010-10-29T09:00:31.000Z,-143.72355000000002,12.317983333333332,27.0854,33.6616,3.11,100,2318.07,NA,16.13,43.23,S231
2010-10-29T10:00:31.000Z,-143.76258333333334,12.325916666666668,27.0842,33.6563,2.54,100,3557.72,NA,15.09,54.08,S231
2010-10-29T11:00:32.000Z,-143.84663333333333,12.38696666666667,27.0418,33.6219,2.56,100,3552.28,NA,15.69,85.19,S231
2010-10-29T12:00:32.000Z,-143.92936666666668,12.448716666666668,27.0759,33.633,2.46,100,3609.34,NA,13.4,74.17,S231
2010-10-29T13:00:32.000Z,-144.01706666666664,12.508916666666668,27.0566,33.6517,2.56,100,3569.38,NA,11.56,57.74,S231
2010-10-29T14:00:32.000Z,-144.10791666666668,12.565000000000001,27.0931,33.6978,2.5,100,3560.8,NA,14.07,77.4,S231
2010-10-29T15:00:32.000Z,-144.19889999999998,12.625750000000002,27.0707,33.7531,2.52,100,3582.57,NA,12.84,72.33,S231
2010-10-29T16:00:33.000Z,-144.29401666666666,12.685266666666667,26.9799,33.8235,2.7,100,3594.27,NA,13,65.18,S231
2010-10-29T17:00:33.000Z,-144.38446666666667,12.741200000000001,26.9831,33.8282,2.77,100,3591.48,NA,22.81,49.7,S231
2010-10-29T18:00:33.000Z,-144.49928333333335,12.820500000000001,26.9663,33.7994,2.58,100,3582.15,NA,17.64,68.77,S231
2010-10-29T19:00:33.000Z,-144.58616666666666,12.874200000000002,26.9809,33.7982,2.53,100,3581.85,NA,14.19,59.23,S231
2010-10-29T20:00:33.000Z,-144.60468333333333,12.865950000000003,26.9724,33.7469,2.48,100,3581.82,NA,17,56.88,S231
2010-10-29T21:00:33.000Z,-144.61501666666666,12.847583333333333,26.971800000000002,33.7043,2.61,100,3458.46,NA,17.09,42.24,S231
2010-10-29T22:00:33.000Z,-144.70708333333334,12.909516666666667,26.9958,33.7189,2.53,100,3502.72,NA,16.61,42.58,S231
2010-10-29T23:00:33.000Z,-144.81328333333337,12.980433333333334,26.9425,33.7233,2.58,100,3520.7,NA,18.42,36.74,S231
2010-10-30T00:00:33.000Z,-144.85963333333333,12.9977,26.9508,33.7411,2.63,100,3565.25,NA,21.24,45.78,S231
2010-10-30T01:00:34.000Z,-144.87250000000003,12.991283333333334,26.9083,33.7474,2.91,100,3187.52,NA,12.7,52.77,S231
2010-10-30T02:00:34.000Z,-144.91015,13.015133333333331,26.8877,33.6786,3.38,100,3339.08,NA,23.86,58.42,S231
2010-10-30T03:00:34.000Z,-144.99586666666667,13.076183333333333,26.8833,33.6779,3.9,100,3393.98,NA,21,60.72,S231
2010-10-30T04:00:34.000Z,-144.97195,13.028200000000002,26.8951,33.6808,4.52,100,3518.03,NA,15.74,53.97,S231
2010-10-30T05:00:34.000Z,-144.92138333333332,12.980616666666666,26.847,33.6863,4.32,100,3365.47,NA,16.04,50.12,S231
2010-10-30T06:00:34.000Z,-144.87761666666665,12.935616666666666,26.8303,33.7103,2.94,100,3541.97,NA,12.89,58.19,S231
2010-10-30T07:00:35.000Z,-144.79851666666664,12.861733333333333,26.8366,33.6906,2.8,100,3539.97,NA,8.64,55.52,S231
2010-10-30T08:00:35.000Z,-144.72376666666665,12.775633333333333,26.8437,33.6688,2.66,100,3536.98,NA,13.59,63.17,S231
2010-10-30T09:00:35.000Z,-144.65316666666666,12.694366666666667,26.8539,33.6622,2.53,100,3535.2,NA,5.5,64.27,S231
2010-10-30T10:00:35.000Z,-144.59166666666664,12.61795,26.8999,33.6458,2.54,100,3526.02,NA,9.71,79.05,S231
2010-10-30T11:00:35.000Z,-144.52658333333332,12.542133333333332,26.9645,33.6518,2.53,100,3519.59,NA,9.4,108.99,S231
2010-10-30T12:00:36.000Z,-144.44856666666666,12.47236666666667,27.0481,33.6575,2.63,100,3517.98,NA,9,102.49,S231
2010-10-30T13:00:36.000Z,-144.3732,12.394833333333334,27.0697,33.6408,2.67,100,3516.02,NA,14.16,90.68,S231
2010-10-30T14:00:36.000Z,-144.29878333333335,12.315616666666664,27.0404,33.6284,2.79,100,3506.17,NA,11.19,102.27,S231
2010-10-30T15:00:36.000Z,-144.22466666666665,12.240233333333334,27.0196,33.644,2.69,100,3508.13,NA,10.86,84.79,S231
2010-10-30T16:00:37.000Z,-144.15393333333336,12.158883333333332,27.0132,33.64,2.59,100,3494.32,NA,11.36,86.57,S231
2010-10-30T17:00:37.000Z,-144.07865,12.087866666666665,27.0607,33.6438,2.52,100,3502.4,NA,10.99,75.11,S231
2010-10-30T18:00:37.000Z,-144.06743333333333,12.049333333333333,27.0775,33.6465,2.4,100,3503.93,NA,10.99,73.36,S231
2010-10-30T19:00:37.000Z,-144.07448333333335,12.04355,27.0987,33.6472,2.35,100,3501.25,NA,9.76,105.43,S231
2010-10-30T20:00:37.000Z,-144.06486666666666,12.053716666666666,27.1989,33.6508,2.26,100,3500.21,NA,8.99,86.43,S231
2010-10-30T21:00:37.000Z,-144.06361666666663,12.058750000000002,27.2882,33.6532,2.22,100,3497.66,NA,10.95,52.18,S231
2010-10-30T22:00:38.000Z,-144.07223333333334,12.057350000000001,27.3015,33.6524,2.2,100,3491.73,NA,8.89,85.64,S231
2010-10-30T23:00:38.000Z,-144.0936166666667,12.056350000000002,27.4019,33.6499,2.24,100,3368.22,NA,9.48,79.26,S231
2010-10-31T00:00:38.000Z,-144.15641666666667,12.097533333333336,27.3799,33.6484,2.24,100,3477.52,NA,15.07,85.61,S231
2010-10-31T01:00:38.000Z,-144.2198,12.137566666666666,27.367,33.6558,2.39,100,3473.93,NA,15.27,87.41,S231
2010-10-31T02:00:38.000Z,-144.28551666666667,12.184099999999999,27.2487,33.6143,2.55,100,3463.62,NA,11.93,76.65,S231
2010-10-31T03:00:38.000Z,-144.34973333333335,12.231066666666667,27.264,33.6493,2.55,100,3429.48,NA,13.5,94.96,S231
2010-10-31T04:00:38.000Z,-144.41719999999998,12.280649999999998,27.2054,33.6527,2.51,100,3462.17,NA,15.59,82.26,S231
2010-10-31T05:00:39.000Z,-144.47415,12.344516666666669,27.0397,33.6455,2.41,100,3436.17,NA,12.94,86.49,S231
2010-10-31T06:00:39.000Z,-144.53596666666664,12.416833333333333,26.9902,33.673,2.43,100,3458.88,NA,12.96,92.01,S231
2010-10-31T07:00:39.000Z,-144.60908333333336,12.492116666666668,26.9792,33.68,2.44,100,3456.51,NA,15.43,80.85,S231
2010-10-31T08:00:39.000Z,-144.68504999999996,12.56978333333333,26.9464,33.7197,3.34,100,3448.22,NA,18.06,77.32,S231
2010-10-31T09:00:39.000Z,-144.77348333333333,12.63498333333333,26.9314,33.7371,4.94,100,3370.3,NA,16.33,90.77,S231
2010-10-31T10:00:40.000Z,-144.8614,12.689550000000002,26.9321,33.7368,4.81,100,3423.2,NA,18.02,95.05,S231
2010-10-31T11:00:40.000Z,-144.93203333333335,12.756066666666667,26.886,33.7188,4.53,100,3410.8,NA,14.39,81.99,S231
2010-10-31T12:00:40.000Z,-144.99005,12.821583333333335,26.8348,33.7453,3.61,100,3308.05,NA,10.47,85.33,S231
2010-10-31T13:00:40.000Z,-145.05821666666668,12.893099999999999,26.8752,33.7296,4.32,100,3268.77,NA,18.02,83.1,S231
2010-10-31T14:00:41.000Z,-145.11803333333333,12.956416666666668,26.8499,33.7662,4.05,100,3277.92,NA,14.82,80.89,S231
2010-10-31T15:00:41.000Z,-145.1934,13.038100000000002,26.8599,33.7913,4.19,100,3388.03,NA,18.07,84.65,S231
2010-10-31T16:00:41.000Z,-145.27233333333334,13.117916666666668,26.7834,33.7899,3.95,100,3371.3,NA,19.25,80.46,S231
2010-10-31T17:00:42.000Z,-145.3475166666667,13.196,26.8066,33.7531,3.75,100,3385.3,NA,21.18,108.02,S231
2010-10-31T18:00:42.000Z,-145.43821666666665,13.267499999999998,26.7831,33.7704,3.59,100,3396.75,NA,15.84,85.88,S231
2010-10-31T19:00:42.000Z,-145.54608333333334,13.337533333333333,26.7579,33.8093,3.47,100,3385.48,NA,13.4,60.74,S231
2010-10-31T20:00:42.000Z,-145.62625000000003,13.388683333333333,26.7097,33.8029,2.9,100,3290.25,NA,16.66,77.57,S231
2010-10-31T21:00:42.000Z,-145.64391666666666,13.376233333333333,26.7483,33.8111,2.87,100,3373.03,NA,14.2,81.8,S231
2010-10-31T22:00:42.000Z,-145.66148333333336,13.343883333333336,26.7998,33.7804,5.8,103,456.3,NA,18.39,73.43,S231
2010-10-31T23:00:42.000Z,-145.74204999999998,13.384949999999998,26.7725,33.6458,2.77,103,3240.97,NA,19.38,67.95,S231
2010-11-01T00:00:42.000Z,-145.82969999999997,13.431683333333334,26.8023,33.69,2.61,103,3320.79,NA,18.16,62.67,S231
2010-11-01T01:00:43.000Z,-145.92358333333337,13.484649999999998,26.7827,33.6624,2.71,103,3258.52,NA,25.09,68.04,S231
2010-11-01T02:00:43.000Z,-146.01958333333334,13.542316666666668,26.834,33.7019,2.95,103,3315.1,NA,20.89,84.83,S231
2010-11-01T03:00:43.000Z,-146.11105,13.597783333333334,26.8243,33.7215,2.94,103,3060.92,NA,22.83,63.33,S231
2010-11-01T04:00:43.000Z,-146.20825000000002,13.653583333333332,26.8097,33.7504,2.83,103,3309.61,NA,23.68,72.73,S231
2010-11-01T05:00:43.000Z,-146.30731666666668,13.709849999999998,26.721800000000002,33.8093,2.81,103,3308.53,NA,18.75,75.13,S231
2010-11-01T06:00:43.000Z,-146.40745,13.768400000000002,26.688,33.9734,2.65,103,3258.34,NA,20.27,74.91,S231
2010-11-01T07:00:44.000Z,-146.49815,13.828266666666666,26.7136,34.1036,2.61,103,3280.35,NA,20.06,78.75,S231
2010-11-01T08:00:44.000Z,-146.58585,13.884016666666666,26.7935,34.15,2.49,104,3333.82,NA,19.87,82.24,S231
2010-11-01T09:00:44.000Z,-146.66629999999998,13.9375,26.7675,34.2063,2.51,104,3252.27,NA,19.97,74.25,S231
2010-11-01T10:00:44.000Z,-146.74373333333332,13.985283333333333,26.6358,33.9257,3.3,104,2149.67,NA,18.06,69.51,S231
2010-11-01T11:00:45.000Z,-146.78778333333332,13.970816666666666,26.6071,33.8882,2.63,104,3344.33,NA,21.95,84.04,S231
2010-11-01T12:00:45.000Z,-146.87866666666665,14.021216666666666,26.7333,33.8391,2.67,104,3342.16,NA,17.43,78.45,S231
2010-11-01T13:00:45.000Z,-146.96915,14.069816666666668,26.7572,33.8454,2.71,104,3179.28,NA,16.09,69.42,S231
2010-11-01T14:00:45.000Z,-147.05263333333332,14.110200000000003,26.733,33.8306,2.71,104,3310.17,NA,21.24,67.11,S231
2010-11-01T15:00:45.000Z,-147.14090000000002,14.149083333333332,26.8323,33.8496,2.6,104,3323.62,NA,17.02,64.01,S231
2010-11-01T16:00:46.000Z,-147.23161666666667,14.19215,26.7375,33.8798,2.61,104,3258.89,NA,22.91,52.84,S231
2010-11-01T17:00:46.000Z,-147.32013333333333,14.23365,26.6967,33.9129,2.62,104,3138.49,NA,19.45,71.15,S231
2010-11-01T18:00:46.000Z,-147.40645000000004,14.272200000000002,26.7182,34.0039,2.46,104,3315.49,NA,17.82,60.37,S231
2010-11-01T19:00:46.000Z,-147.48713333333333,14.296433333333335,26.7141,34.0267,2.37,104,3265.17,NA,17.37,60.17,S231
2010-11-01T20:00:46.000Z,-147.55970000000002,14.31955,26.7159,33.9675,2.36,104,3318.37,NA,19.81,65.33,S231
2010-11-01T21:00:46.000Z,-147.58271666666664,14.302616666666665,26.7651,33.9708,2.3,104,3315.52,NA,15.49,70.65,S231
2010-11-01T22:00:46.000Z,-147.60526666666667,14.259033333333333,26.8155,33.9749,2.31,104,3311.98,NA,16.55,55.05,S231
2010-11-01T23:00:46.000Z,-147.6926,14.2896,26.8557,33.8724,2.35,104,3261.59,NA,18.51,69.43,S231
2010-11-02T00:00:47.000Z,-147.79483333333334,14.331649999999998,26.7666,33.8038,2.39,104,3292.75,NA,18.92,64.25,S231
2010-11-02T01:00:47.000Z,-147.89771666666664,14.374899999999997,26.8024,33.9163,2.36,104,3276.28,NA,12.97,74.35,S231
2010-11-02T02:00:47.000Z,-147.9984,14.414299999999997,26.7386,33.9682,2.43,104,3282.74,NA,16.64,74.03,S231
2010-11-02T03:00:47.000Z,-148.09941666666668,14.452749999999998,26.7691,34.0511,2.42,104,3287.07,NA,18.47,46.86,S231
2010-11-02T04:00:47.000Z,-148.21418333333335,14.50245,26.6846,34.1154,2.37,104,3283.52,NA,22.16,60.63,S231
2010-11-02T05:00:47.000Z,-148.32389999999998,14.550316666666667,26.6511,34.1513,2.44,104,3208.77,NA,16.56,69,S231
2010-11-02T06:00:47.000Z,-148.42479999999998,14.602133333333331,26.6937,34.1913,2.36,104,3289.82,NA,14.58,70.44,S231
2010-11-02T07:00:47.000Z,-148.50783333333334,14.651066666666669,26.6368,34.184,2.36,104,3268.57,NA,18.18,80.93,S231
2010-11-02T08:00:47.000Z,-148.58776666666665,14.698333333333334,26.5845,34.2238,2.38,104,3284.39,NA,15.97,72.63,S231
2010-11-02T09:00:48.000Z,-148.67306666666667,14.747516666666668,26.4621,34.2216,2.39,104,3248.77,NA,13.86,61.13,S231
2010-11-02T10:00:48.000Z,-148.72783333333334,14.769350000000001,26.4088,34.2527,2.4,104,3145.08,NA,12.75,55.19,S231
2010-11-02T11:00:48.000Z,-148.7561333333333,14.7579,26.3811,34.2784,2.34,104,3268,NA,11.56,62.92,S231
2010-11-02T12:00:48.000Z,-148.83171666666667,14.804583333333335,26.3296,34.3736,2.31,100,3254.12,NA,13.66,54.95,S231
2010-11-02T13:00:48.000Z,-148.91073333333333,14.852983333333336,26.3245,34.4526,2.26,100,3260.28,NA,11.73,77.18,S231
2010-11-02T14:00:49.000Z,-148.99354999999997,14.902633333333332,26.3585,34.3242,2.26,100,3257.47,NA,14.29,58.19,S231
2010-11-02T15:00:49.000Z,-149.0805333333333,14.950633333333334,26.3311,34.3485,2.25,100,3266.13,NA,15.47,51.63,S231
2010-11-02T16:00:49.000Z,-149.16646666666665,15.000916666666667,26.3286,34.4058,2.3,100,3262.75,NA,15.72,69.57,S231
2010-11-02T17:00:49.000Z,-149.24853333333334,15.048566666666666,26.4201,34.4022,2.26,100,3260.51,NA,16.18,64.45,S231
2010-11-02T18:00:49.000Z,-149.32374999999996,15.117933333333333,26.4474,34.3926,2.25,100,3189.03,NA,13.37,88.44,S231
2010-11-02T19:00:50.000Z,-149.398,15.191650000000001,26.4669,34.4313,2.19,100,3256.43,NA,13.61,73.42,S231
2010-11-02T20:00:50.000Z,-149.4547,15.243966666666665,26.4602,34.5092,2.18,100,3244.82,NA,10.79,50.66,S231
2010-11-02T21:00:50.000Z,-149.4689,15.236083333333333,26.5316,34.5118,2.19,100,3259.27,NA,12.19,76.49,S231
2010-11-02T22:00:50.000Z,-149.48089999999996,15.2066,26.5978,34.4941,2.16,100,3255.56,NA,10.84,76.32,S231
2010-11-02T23:00:50.000Z,-149.53816666666668,15.257633333333334,26.6624,34.5704,2.19,100,3249.92,NA,12.02,80.21,S231
2010-11-03T00:00:50.000Z,-149.60944999999998,15.323316666666665,26.7074,34.5503,2.22,100,3204.7,NA,14.12,69.06,S231
2010-11-03T01:00:50.000Z,-149.683,15.391216666666665,26.7231,34.5069,2.23,100,3240.26,NA,11.63,49.69,S231
2010-11-03T02:00:50.000Z,-149.75905,15.46325,26.6241,34.4676,2.29,100,3240.67,NA,12.83,64.35,S231
2010-11-03T03:00:51.000Z,-149.83856666666668,15.541683333333332,26.6572,34.4162,2.32,100,3238.49,NA,16.03,74.12,S231
2010-11-03T04:00:51.000Z,-149.92976666666667,15.627033333333333,26.5796,34.3763,2.31,100,3238.33,NA,15.87,72.55,S231
2010-11-03T05:00:51.000Z,-150.0039833333333,15.707716666666668,26.5713,34.2957,2.33,100,3235.67,NA,13.86,68.55,S231
2010-11-03T06:00:51.000Z,-150.06439999999998,15.774666666666667,26.5757,34.2601,2.32,100,3232.18,NA,16.68,66.16,S231
2010-11-03T07:00:51.000Z,-150.1239833333333,15.845716666666666,26.6016,34.2141,2.43,100,2991.16,NA,12.17,61.68,S231
2010-11-03T08:00:52.000Z,-150.1863166666667,15.916966666666669,26.5787,34.2299,2.27,100,3232.18,NA,10.3,47.56,S231
2010-11-03T09:00:52.000Z,-150.24625,15.988483333333333,26.5913,34.3403,2.28,100,3232.64,NA,10.5,60.41,S231
2010-11-03T10:00:52.000Z,-150.30535,16.051333333333332,26.508,34.3239,2.31,100,3230.51,NA,11.1,35.14,S231
2010-11-03T11:00:52.000Z,-150.30183333333335,16.04296666666667,26.5361,34.3274,2.29,100,3230.56,NA,8.16,14.6,S231
2010-11-03T12:00:52.000Z,-150.3474666666667,16.083816666666667,26.5135,34.3065,2.31,100,3227.87,NA,12.03,21.6,S231
2010-11-03T13:00:52.000Z,-150.41438333333332,16.145866666666663,26.4283,34.3151,2.3,100,3225.84,NA,13.07,28.4,S231
2010-11-03T14:00:53.000Z,-150.49201666666667,16.222116666666665,26.3556,34.4022,2.27,100,3225.59,NA,13.1,34.81,S231
2010-11-03T15:00:53.000Z,-150.57093333333333,16.300549999999998,26.3421,34.4928,2.3,100,3210.31,NA,12.74,12.23,S231
2010-11-03T16:00:53.000Z,-150.64668333333336,16.372433333333333,26.3596,34.4966,2.3,100,3221.07,NA,14.6,26.56,S231
2010-11-03T17:00:53.000Z,-150.7305833333333,16.449166666666667,26.3365,34.5026,2.31,100,3219.97,NA,13.34,31.83,S231
2010-11-03T18:00:54.000Z,-150.80723333333333,16.519566666666666,26.3826,34.4561,2.28,100,3210.05,NA,11.08,39,S231
2010-11-03T19:00:54.000Z,-150.88166666666666,16.58135,26.3896,34.4495,2.24,105,3205.97,NA,14,21.26,S231
2010-11-03T20:00:54.000Z,-150.9296,16.616300000000003,26.4247,34.4907,2.21,105,3200.85,NA,12.13,27.58,S231
2010-11-03T21:00:54.000Z,-150.93485,16.598183333333335,26.4599,34.5028,2.18,105,3196.13,NA,14.24,17.29,S231
2010-11-03T22:00:54.000Z,-150.94254999999998,16.58178333333333,26.4746,34.5164,2.18,105,3184.13,NA,14.3,27.11,S231
2010-11-03T23:00:54.000Z,-150.94279999999998,16.55388333333333,26.48,34.5323,2.15,105,3158.35,NA,12.99,27.65,S231
2010-11-04T00:00:54.000Z,-150.98641666666666,16.57465,26.518,34.5444,2.14,105,3173.62,NA,18.31,38.55,S231
2010-11-04T01:00:54.000Z,-151.04626666666667,16.617133333333335,26.4891,34.5779,2.16,105,3171.08,NA,16.11,7.91,S231
2010-11-04T02:00:54.000Z,-151.06043333333332,16.6086,26.4708,34.6004,2.19,105,3169.87,NA,12.33,35.11,S231
2010-11-04T03:00:54.000Z,-151.12658333333334,16.661683333333336,26.4873,34.7833,2.22,105,3166.77,NA,16.25,33.68,S231
2010-11-04T04:00:55.000Z,-151.19823333333335,16.720883333333333,26.2879,34.8327,2.2,105,3152.02,NA,19.32,49.06,S231
2010-11-04T05:00:55.000Z,-151.25875,16.770633333333333,26.3078,34.7738,2.21,105,3161.18,NA,14.3,25.55,S231
2010-11-04T06:00:55.000Z,-151.34034999999997,16.839116666666666,26.3472,34.7717,2.26,105,3153.74,NA,13.01,57.19,S231
2010-11-04T07:00:55.000Z,-151.42678333333333,16.915233333333337,26.3356,34.7635,2.26,105,3129.85,NA,15.43,60.59,S231
2010-11-04T08:00:55.000Z,-151.48834999999997,16.969949999999997,26.3933,34.7657,2.28,105,3128.87,NA,12.13,41.68,S231
2010-11-04T09:00:55.000Z,-151.55686666666668,17.02955,26.3844,34.7482,2.3,105,3087.67,NA,18.63,36.8,S231
2010-11-04T10:00:55.000Z,-151.61306666666667,17.073383333333332,26.3911,34.7327,3.34,105,1553.61,NA,20.84,20.86,S231
2010-11-04T11:00:55.000Z,-151.61993333333334,17.066366666666664,26.3979,34.7422,2.35,105,2974.82,NA,17.02,41.29,S231
2010-11-04T12:00:56.000Z,-151.69288333333333,17.132649999999998,26.3798,34.755,2.34,105,3082.48,NA,24.4,36.78,S231
2010-11-04T13:00:56.000Z,-151.7665,17.196883333333336,26.3543,34.7597,2.42,105,2895.37,NA,15.83,38.45,S231
2010-11-04T14:00:56.000Z,-151.84784999999997,17.268283333333333,26.313,34.771,2.54,105,2766.26,NA,24.59,42.35,S231
2010-11-04T15:00:56.000Z,-151.9278,17.338666666666665,26.2276,34.7885,2.25,105,3096.18,NA,22.48,38.07,S231
2010-11-04T16:00:57.000Z,-152.01116666666667,17.407583333333335,26.0553,34.8169,2.29,105,3082.41,NA,19.48,47.33,S231
2010-11-04T17:00:57.000Z,-152.09508333333335,17.479600000000005,25.9887,34.8447,2.3,105,3057.62,NA,22.19,44.23,S231
2010-11-04T18:00:57.000Z,-152.17146666666667,17.5488,25.9342,34.9088,2.41,105,2894.52,NA,13.9,41.97,S231
2010-11-04T19:00:57.000Z,-152.2471666666667,17.617283333333337,25.8181,35.0294,2.28,105,3091.64,NA,22.03,66.82,S231
2010-11-04T20:00:57.000Z,-152.30473333333333,17.662483333333334,25.8549,35.055,2.23,105,3086.43,NA,19.21,61.59,S231
2010-11-04T21:00:57.000Z,-152.32131666666666,17.64638333333333,25.8444,35.0979,2.21,105,3087.87,NA,15.25,73.18,S231
2010-11-04T22:00:57.000Z,-152.32293333333334,17.613183333333332,25.8437,35.1053,5.63,105,370.95,NA,21.93,54.3,S231
2010-11-04T23:00:57.000Z,-152.40268333333336,17.684916666666666,25.8647,35.0968,2.22,105,3084.61,NA,23.35,67.63,S231
2010-11-05T00:00:57.000Z,-152.48306666666667,17.756449999999997,26.0432,35.1207,2.28,105,3045.39,NA,19.71,74.16,S231
2010-11-05T01:00:57.000Z,-152.52363333333332,17.76975,26.0749,35.0882,2.3,105,3067.63,NA,18.09,59.19,S231
2010-11-05T02:00:58.000Z,-152.53978333333333,17.75358333333333,26.0768,35.0904,2.33,105,3035.1,NA,20.27,42.87,S231
2010-11-05T03:00:58.000Z,-152.55413333333334,17.736333333333334,26.0527,35.0893,2.88,105,2054.75,NA,18.1,48.2,S231
2010-11-05T04:00:58.000Z,-152.64008333333334,17.7773,26.1469,34.8788,2.31,105,2988.56,NA,18.25,56.08,S231
2010-11-05T05:00:58.000Z,-152.72430000000003,17.823483333333332,26.1515,34.7761,2.28,105,3038.65,NA,15.81,40.21,S231
2010-11-05T06:00:58.000Z,-152.80226666666667,17.87165,26.2216,34.7685,2.28,105,3032.85,NA,18.35,59.99,S231
2010-11-05T07:00:58.000Z,-152.88485,17.91965,26.1349,34.7787,2.38,105,2868.7,NA,17.71,63.66,S231
2010-11-05T08:00:58.000Z,-152.96503333333337,17.97008333333333,26.1346,34.823,2.34,105,3010.5,NA,15.49,62.92,S231
2010-11-05T09:00:59.000Z,-153.04636666666664,18.020300000000002,26.1061,34.8067,2.37,105,2874.77,NA,19.44,73.06,S231
2010-11-05T10:00:59.000Z,-153.12030000000001,18.0636,26.1054,34.8071,2.38,105,2872.2,NA,20.44,60.83,S231
2010-11-05T11:00:59.000Z,-153.13691666666668,18.04641666666667,26.1086,34.7945,2.75,105,2284.13,NA,19.63,58.81,S231
2010-11-05T12:00:59.000Z,-153.21081666666666,18.088783333333335,25.9767,34.8606,2.45,105,2800.52,NA,12.82,56.98,S231
2010-11-05T13:00:59.000Z,-153.2943,18.133533333333336,25.983,35.0818,2.41,105,3000.77,NA,19.01,70.84,S231
2010-11-05T14:00:00.000Z,-153.37996666666666,18.176816666666664,25.9262,35.094,2.41,105,2925,NA,18.76,56.13,S231
2010-11-05T15:00:00.000Z,-153.46163333333334,18.210166666666662,25.9225,35.0881,2.77,105,2688.82,NA,11.76,55.99,S231
2010-11-05T16:00:00.000Z,-153.54665,18.24325,25.8873,35.0764,2.45,105,3000.05,NA,9.75,32.71,S231
2010-11-05T17:00:01.000Z,-153.63808333333333,18.27771666666667,25.8856,35.0812,2.66,105,2650.74,NA,15.38,49.29,S231
2010-11-05T18:00:01.000Z,-153.72398333333334,18.315399999999997,26.1109,35.0648,2.51,105,2790.9,NA,13.81,50.2,S231
2010-11-05T19:00:02.000Z,-153.80576666666667,18.350900000000003,25.9829,35.0318,2.45,105,2819.02,NA,15.89,61.33,S231
2010-11-05T20:00:02.000Z,-153.89084999999997,18.385266666666666,26.0604,35.0474,2.32,105,2981,NA,13.55,76.04,S231
2010-11-05T21:00:02.000Z,-153.9706,18.41661666666667,26.065,35.016,2.25,105,2972.2,NA,14.01,60.71,S231
2010-11-05T22:00:02.000Z,-154.05371666666667,18.445700000000002,26.1845,35.0599,2.22,105,2976.08,NA,15.31,77.19,S231
2010-11-05T23:00:02.000Z,-154.1432166666667,18.47693333333333,26.2391,35.0397,2.25,105,2955.15,NA,13.62,64.37,S231
2010-11-06T00:00:02.000Z,-154.24769999999998,18.5008,26.2647,35.0636,2.21,105,2958.8,NA,15.86,63.63,S231
2010-11-06T01:00:02.000Z,-154.35431666666668,18.527466666666665,26.2013,35.1484,2.3,105,2939.98,NA,13.87,60.15,S231
2010-11-06T02:00:02.000Z,-154.47088333333335,18.556883333333335,26.0988,35.012,2.33,105,2935.95,NA,16.6,65.21,S231
2010-11-06T03:00:02.000Z,-154.58659999999998,18.5956,26.1227,35.0224,2.36,105,2924.52,NA,18.8,65.85,S231
2010-11-06T04:00:02.000Z,-154.70135,18.64,26.0315,35.0692,2.36,105,2886.15,NA,16.36,54.64,S231
2010-11-06T05:00:02.000Z,-154.8204,18.686,25.8781,35.1148,2.39,105,2917.95,NA,18.29,53.94,S231
2010-11-06T06:00:03.000Z,-154.93975,18.72665,25.8248,35.1148,2.43,105,2922.07,NA,19.72,64.54,S231
2010-11-06T07:00:03.000Z,-155.06454999999997,18.76555,25.7773,35.1098,2.43,105,2920.82,NA,20.98,75.05,S231
2010-11-06T08:00:04.000Z,-155.19979999999998,18.800600000000003,25.9578,35.0392,2.42,105,2911.5,NA,20.2,69.3,S231
2010-11-06T09:00:07.000Z,-155.31966666666668,18.8275,26.1278,35.0745,2.38,105,2918.2,NA,16.95,74.22,S231
2010-11-06T10:00:07.000Z,-155.43419999999998,18.855666666666668,25.8496,35.0685,2.42,105,2878.93,NA,22.79,65.75,S231
2010-11-06T11:00:07.000Z,-155.54623333333333,18.864900000000002,26.5594,35.103,2.59,105,2902.72,NA,23.14,56.1,S231
2010-11-06T12:00:07.000Z,-155.67023333333333,18.8532,26.2877,35.0763,2.68,105,2889.7,NA,25.58,78.22,S231
2010-11-06T13:00:07.000Z,-155.76338333333334,18.894166666666667,26.578,35.0829,2.58,105,2890.84,NA,20.9,68.09,S231
2010-11-06T14:00:08.000Z,-155.85389999999998,18.96755,26.4399,35.0213,2.57,105,2895.05,NA,29.44,86.74,S231
2010-11-06T15:00:08.000Z,-155.9409,19.050383333333333,26.7204,35.0805,2.5,105,2893.33,NA,5.74,67.29,S231
2010-11-06T16:00:08.000Z,-155.96561666666668,19.171149999999997,26.8824,35.1197,2.49,100,2892.03,NA,1.89,26.49,S231
2010-11-06T17:00:09.000Z,-155.97211666666666,19.29661666666667,26.8805,35.1193,2.48,100,2891.37,NA,4.44,102.6,S231
2010-11-06T18:00:09.000Z,-155.96179999999998,19.42601666666667,26.9405,35.1218,2.45,100,2886.89,NA,2.38,45.86,S231
2010-11-07T05:00:08.000Z,-156.00746666666666,19.51585,27.0881,35.0826,1.68,189,3678.82,NA,3.76,160.59,S231
2010-11-07T06:00:09.000Z,-156.05561666666665,19.634766666666664,27.0885,35.1197,1.65,189,3682.41,NA,5.75,152.42,S231
2010-11-07T07:00:09.000Z,-156.10471666666666,19.7451,26.9519,35.1205,1.74,189,3646.11,NA,10.66,86.65,S231
2010-11-07T08:00:09.000Z,-156.08398333333332,19.83806666666667,26.9672,35.1105,1.85,189,3502.33,NA,27.07,85.99,S231
2010-11-07T09:00:09.000Z,-156.04200000000003,19.886816666666668,26.84,35.1186,1.87,189,3640.56,NA,24.5,92.78,S231
2010-11-07T10:00:09.000Z,-155.99185,19.9208,26.7271,35.1193,2.06,189,3679.73,NA,27.74,105.51,S231
2010-11-07T11:00:09.000Z,-155.93699999999998,19.9366,26.7559,35.1192,1.93,189,3684.37,NA,23.56,94.87,S231
2010-11-07T12:00:09.000Z,-155.88445,20.015216666666664,26.8298,35.1306,1.71,189,3692.37,NA,7.54,318.05,S231
2010-11-07T13:00:09.000Z,-155.96823333333333,20.09031666666667,26.9237,35.1663,1.65,189,3690.6,NA,1.18,253.83,S231
2010-11-07T14:00:09.000Z,-156.0257,20.1373,26.8443,35.1589,1.76,189,3686.74,NA,29.4,55.67,S231
2010-11-07T15:00:09.000Z,-156.10231666666664,20.1933,26.5772,35.1077,1.82,189,3650.82,NA,32.45,57.58,S231
2010-11-07T16:00:10.000Z,-156.19063333333335,20.255266666666667,26.6578,35.1531,1.88,189,3612.43,NA,27.52,64.85,S231
2010-11-07T17:00:10.000Z,-156.28304999999997,20.314466666666664,26.442,35.1626,1.82,189,3599.28,NA,30.49,63.58,S231
2010-11-07T18:00:10.000Z,-156.3864,20.359883333333332,26.3948,35.1578,1.78,189,3677.34,NA,34.14,75.49,S231
2010-11-07T19:00:10.000Z,-156.48864999999998,20.40468333333333,26.3548,35.1649,1.76,189,3643.64,NA,32.93,66.39,S231
2010-11-07T20:00:11.000Z,-156.59238333333332,20.443383333333333,26.345,35.1622,1.73,189,3686.53,NA,29.73,67.88,S231
2010-11-07T21:00:11.000Z,-156.69661666666667,20.477566666666664,26.2377,35.1499,1.64,189,3692.98,NA,26.48,84.06,S231
2010-11-07T22:00:11.000Z,-156.7736,20.531933333333335,26.4348,35.1567,1.67,189,3688.33,NA,15.68,71.26,S231
2010-11-07T23:00:12.000Z,-156.83451666666667,20.5764,26.5136,35.1618,1.66,189,3686.11,NA,20.51,95.29,S231
2010-11-08T00:00:12.000Z,-156.89985,20.632099999999998,26.7372,35.1442,1.62,189,3690.73,NA,9.28,88.91,S231
2010-11-08T01:00:12.000Z,-156.94646666666668,20.70641666666667,27.7355,35.1577,1.55,189,3695.43,NA,2.83,214.56,S231
2010-11-08T02:00:12.000Z,-156.96926666666667,20.73131666666666,26.5253,35.1155,1.72,189,3681.77,NA,6.15,213.82,S231
2010-11-09T09:00:45.000Z,-157.1236,20.88328333333333,26.5586,35.0988,1.62,102,3695.52,NA,20.64,63.04,S231
2010-11-09T10:00:45.000Z,-157.22973333333331,20.93853333333333,26.3402,35.1173,1.71,102,3682.3,NA,22.44,77.68,S231
2010-11-09T11:00:45.000Z,-157.32805000000002,20.988033333333338,26.0702,35.1313,1.74,102,3691.2,NA,25.91,76.27,S231
2010-11-09T12:00:45.000Z,-157.42359999999996,21.036016666666665,26.0818,35.1307,1.71,102,3696.45,NA,24.58,99.05,S231
2010-11-09T13:00:45.000Z,-157.49796666666666,21.07938333333333,26.1592,35.1271,1.69,102,3695.23,NA,10.85,87.73,S231
2010-11-09T14:00:45.000Z,-157.5929833333333,21.13473333333333,25.9223,35.1084,1.92,102,3683.35,NA,13.55,95.76,S231
2010-11-09T15:00:45.000Z,-157.6975,21.182949999999995,26.1083,35.2024,1.89,102,3688.8,NA,16.84,65.13,S231
2010-11-09T16:00:45.000Z,-157.81725,21.231250000000003,26.1083,35.1695,1.92,102,3690.3,NA,10.65,80.53,S231
