station,dttm,lon,lat,temp,sal,fluor,moon_phase,moon_mode,tow_dist,biomass,biodens,myct_num,myct_vol,ceph_num,ceph_vol,nekt_other_num,nekt_other_vol,nekt_total_num,nekt_total_vol,nekt_info,halo_num,gelat_num,gelat_vol,gelat_info,plas_pieces,plas_pellets,plas_density,tow_desc,cruise
S225-002-NT,2009-10-16T00:05:00.000Z,-118.235,33.35666666666667,20.1,33.5,6.2,0.04,set,2621,61,0.02327355971003434,0,NA,NA,NA,NA,NA,NA,NA,NA,0,1,NA,NA,9,0,3433.8038916444107,NA,S225
S225-003-NT,2009-10-16T10:48:00.000Z,-118.45,33.535,21.6,33.5,5.5,0.04,risen,2460.8,72,0.029258777633289986,0,NA,NA,NA,NA,NA,NA,NA,NA,0,5,NA,NA,0,0,0,NA,S225
S225-005-NT,2009-10-16T22:23:00.000Z,-118.915,33.35333333333333,21.6,33.4,4.84,0.033,set,1586.2,154,0.0970873786407767,17,NA,NA,NA,NA,NA,NA,NA,NA,0,22,NA,NA,0,0,0,NA,S225
S225-006-NT,2009-10-17T11:09:00.000Z,-119.98833333333333,33.16833333333334,19.3,33.3,5.33,0.01,risen,1894.2,30,0.015837820715869495,0,NA,NA,NA,NA,NA,NA,NA,NA,0,1,NA,NA,0,0,0,NA,S225
S225-007-NT,2009-10-17T23:25:00.000Z,-120.585,32.46,18.1,33.3,4.95,0.01,set,1852,31,0.01673866090712743,1,NA,NA,NA,NA,NA,NA,NA,NA,0,1,NA,NA,0,0,0,NA,S225
S225-008-NT,2009-10-18T11:43:00.000Z,-121.41166666666666,31.713333333333335,19.2,33.2,4.08,0,risen,1498.4,3,0.00200213561131874,0,NA,NA,NA,NA,NA,NA,NA,NA,0,0,NA,NA,0,0,0,NA,S225
S225-011-NT,2009-10-19T00:10:00.000Z,-122.06,30.901666666666667,19.5,33.3,3.95,0.02,set,1933.5,8.5,0.004396172743728989,0,NA,NA,NA,NA,NA,NA,NA,NA,1,0,NA,NA,0,0,0,NA,S225
S225-012-NT,2009-10-19T11:08:00.000Z,-122.73833333333333,30.381666666666668,19.1,33.2,4.2,0.02,set,1852,11,0.005939524838012959,0,NA,NA,NA,NA,NA,NA,NA,NA,4,0,NA,NA,0,0,0,NA,S225
S225-014-NT,2009-10-19T23:27:00.000Z,-123.08,29.661666666666665,19.4,33.17,4.1,0.02,risen,2145.2,39,0.018180123065448445,3,NA,NA,NA,NA,NA,NA,NA,NA,1,8,NA,NA,0,0,0,NA,S225
S225-015-NT,2009-10-20T11:44:00.000Z,-123.43,29.076666666666668,19.9,33.37,3.83,0.06,risen,2154.8,20.5,0.009513643957675885,0,NA,NA,NA,NA,NA,NA,NA,NA,1,1,NA,NA,0,0,0,NA,S225
S225-016-NT,2009-10-20T23:20:00.000Z,-124.03166666666667,28.268333333333334,20.3,33.5,3.82,0.06,set,1856.5,15,0.008079719903043361,0,NA,NA,NA,NA,NA,NA,NA,NA,0,1,NA,NA,0,0,0,NA,S225
S225-017-NT,2009-10-21T11:20:00.000Z,-124.52666666666667,27.576666666666668,21.7,34.25,3.64,0.12,risen,530,4,0.007547169811320755,0,NA,NA,NA,NA,NA,NA,NA,NA,0,0,NA,NA,0,0,0,NA,S225
S225-018-NT,2009-10-22T00:01:00.000Z,-125.035,26.60333333333333,21.8,33.95,3.56,0.19,set,1446,13,0.008990318118948824,0,NA,NA,NA,NA,NA,NA,NA,NA,10,1,NA,NA,0,0,0,NA,S225
S225-019-NT,2009-10-22T12:05:00.000Z,-125.48166666666667,25.976666666666667,22.2,34.1,3.6,0.19,set,2339,4,0.0017101325352714834,0,NA,NA,NA,NA,NA,NA,NA,NA,11,2,NA,NA,0,0,0,NA,S225
S225-020-NT,2009-10-23T00:00:00.000Z,-125.69166666666666,25.04,22.4,34.17,3.49,0.24,risen,1981,19,0.009591115598182737,11,NA,NA,NA,NA,NA,NA,NA,NA,4,0,NA,NA,0,0,0,NA,S225
S225-021-NT,2009-10-23T11:35:00.000Z,-125.84833333333333,24.341666666666665,22.8,34.62,3.56,0.36,risen,622.9,3.8,0.00610049767217852,0,NA,NA,NA,NA,NA,NA,NA,NA,9,1.5,NA,NA,0,0,0,NA,S225
S225-022-NT,2009-10-23T22:31:00.000Z,-126.12166666666667,23.666666666666668,23.4,34.75,3.54,0.36,set,1985.7,12,0.006043208943949237,2,NA,NA,NA,NA,NA,NA,NA,NA,63,9,NA,NA,0,0,0,NA,S225
S225-023-NT,2009-10-24T11:20:00.000Z,-126.49333333333334,22.986666666666668,23.9,34.69,3.49,0.36,risen,957.5,3.5,0.0036553524804177544,0,NA,NA,NA,NA,NA,NA,NA,NA,11,0.5,NA,NA,0,0,0,NA,S225
S225-024-NT,2009-10-24T23:23:00.000Z,-126.71166666666667,22.39,24.2,34.7,3.6,0.36,risen,839.2,10,0.011916110581506196,2,NA,NA,NA,NA,NA,NA,NA,NA,3,4,NA,NA,1,0,1191.6110581506193,NA,S225
S225-025-NT,2009-10-25T00:20:00.000Z,-127.485,20.413333333333334,24.57,34.84,3.54,0.55,risen,3113.3,12.5,0.004015032280859538,1,NA,NA,NA,NA,NA,NA,NA,NA,31,6,NA,NA,0,0,0,NA,S225
S225-026-NT,2009-10-26T11:21:00.000Z,-127.60833333333333,19.718333333333334,24.5,34.83,3.48,0.55,risen,2090.6,4,0.0019133263178035015,0,NA,NA,NA,NA,NA,NA,NA,NA,9,0,NA,NA,0,0,0,NA,S225
S225-027-NT,2009-10-26T23:09:00.000Z,-127.75833333333334,18.861666666666668,24.9,34.87,3.32,0.55,risen,2311,5.5,0.002379922111639983,0,NA,NA,NA,NA,NA,NA,NA,NA,35,3,NA,NA,0,0,0,NA,S225
S225-028-NT,2009-10-27T12:00:00.000Z,-127.98166666666667,18.145,26.1,NA,NA,0.64,risen,1893.6,2,0.0010561892691170259,0,NA,NA,NA,NA,NA,NA,NA,NA,16,0,NA,NA,0,0,0,NA,S225
S225-029-NT,2009-10-27T23:55:00.000Z,-128.50333333333333,17.32,26.4,34.6,3.19,0.64,risen,1967.5,5.5,0.0027954256670902162,9,NA,NA,NA,NA,NA,NA,NA,NA,10,2.5,NA,NA,0,0,0,NA,S225
S225-030-NT,2009-10-28T11:12:00.000Z,-128.915,16.718333333333334,26.54,34.41,3.28,0.64,risen,1379.4,5.25,0.003806002609830361,0,NA,NA,NA,NA,NA,NA,NA,NA,4,0,NA,NA,0,0,0,NA,S225
S225-031-NT,2009-10-29T11:09:00.000Z,-129.98166666666665,14.971666666666666,27.3,33.98,3.69,0.81,set,1960.9,32.5,0.01657402213269417,0,NA,NA,NA,NA,NA,NA,NA,NA,2,4,NA,NA,2,0,1019.9398235504104,NA,S225
S225-032-NT,2009-10-29T23:22:00.000Z,-130.645,14.313333333333333,27,33.94,3.59,0.81,risen,2023,22,0.010874938210578349,1,NA,NA,NA,NA,NA,NA,NA,NA,3,2,NA,NA,0,0,0,NA,S225
S225-033-NT,2009-10-30T11:58:00.000Z,-131.265,13.665,27.5,33.85,3.51,0.88,set,1972.4,14,0.007097951733928209,0,NA,NA,NA,NA,NA,NA,NA,NA,1,5,NA,NA,0,0,0,NA,S225
S225-034-NT,2009-10-30T22:18:00.000Z,-131.805,13.183333333333334,26.8,33.8,5.33,0.88,risen,1850.7,44,0.023774787918085048,29,NA,NA,NA,NA,NA,NA,NA,NA,0,0,NA,NA,0,0,0,NA,S225
S225-035-NT,2009-10-31T11:35:00.000Z,-132.39666666666668,12.581666666666667,28.6,33.4,4.11,0.94,set,1588.5,32,0.02014479068303431,0,NA,NA,NA,NA,NA,NA,NA,NA,0,0,NA,NA,13,0,8183.8212149826895,NA,S225
S225-036-NT,2009-11-01T00:07:00.000Z,-132.835,11.691666666666666,27,33.47,4.85,0.98,risen,1601.6,35,0.021853146853146856,0,NA,NA,NA,NA,NA,NA,NA,NA,3,0,NA,NA,0,0,0,NA,S225
S225-037-NT,2009-11-01T11:20:00.000Z,-133.01,10.983333333333333,29.2,33.56,3.41,0.98,risen,2004.8,7,0.003491620111731844,0,NA,NA,NA,NA,NA,NA,NA,NA,2,2,NA,NA,3,0,1496.4086193136473,NA,S225
S225-038-NT,2009-11-01T23:13:00.000Z,-133.57666666666665,10.466666666666667,28.5,34.09,3.1,0.98,risen,1345.4,11,0.008176007135424409,6,NA,NA,NA,NA,NA,NA,NA,NA,7,1,NA,NA,0,0,0,NA,S225
S225-039-NT,2009-11-02T11:37:00.000Z,-134.05333333333334,10.158333333333333,28.8,33.91,3.29,1,risen,1282,10,0.0078003120124804995,0,NA,NA,NA,NA,NA,NA,NA,NA,3,3,NA,NA,0,0,0,NA,S225
S225-040-NT,2009-11-02T22:36:00.000Z,-134.415,9.23,29.1,34.18,3.43,1,risen,2033,18,0.008853910477127398,17,NA,NA,NA,NA,NA,NA,NA,NA,4,0,NA,NA,0,0,0,NA,S225
S225-041-NT,2009-11-03T10:46:00.000Z,-134.775,8.47,29.4,34.15,3.09,0.99,set,1851.1,34,0.018367457187618175,0,NA,NA,NA,NA,NA,NA,NA,NA,2,0,NA,NA,0,0,0,NA,S225
S225-042-NT,2009-11-03T22:13:00.000Z,-134.88166666666666,8.151666666666667,29.3,34.21,3.6,0.98,risen,1489.3,12,0.008057476666890486,2,NA,NA,NA,NA,NA,NA,NA,NA,16,1,NA,NA,0,0,0,NA,S225
S225-043-NT,2009-11-04T11:04:00.000Z,-135.97333333333333,8.833333333333334,29,34.14,3.35,0.96,set,1019,7,0.0068694798822374874,0,NA,NA,NA,NA,NA,NA,NA,NA,3,0,NA,NA,0,0,0,NA,S225
S225-045-NT,2009-11-05T00:04:00.000Z,-135.85333333333332,10.058333333333334,28.7,34.07,3.74,0.91,risen,2411.2,27,0.011197743861977439,4,NA,NA,NA,NA,NA,NA,NA,NA,11,4,NA,NA,0,0,0,NA,S225
S225-046-NT,2009-11-05T11:43:00.000Z,-136.17,11.173333333333334,28.2,33.93,3.57,0.91,set,1242.1,9,0.007245793414378875,0,NA,NA,NA,NA,NA,NA,NA,NA,3,3,NA,NA,0,0,0,NA,S225
S225-047-NT,2009-11-06T00:44:00.000Z,-136.835,11.573333333333334,27.4,33.59,5.37,0.91,risen,1757.6,41,0.023327264451524807,0,NA,NA,NA,NA,NA,NA,NA,NA,0,2,NA,NA,1,0,568.9576695493855,NA,S225
S225-048-NT,2009-11-06T11:42:00.000Z,-137.61,11.946666666666667,27.4,33.77,4.58,0.86,risen,2502,35,0.013988808952837729,0,NA,NA,NA,NA,NA,NA,NA,NA,0,6,NA,NA,3,0,1199.040767386091,NA,S225
S225-049-NT,2009-11-06T21:07:00.000Z,-138.49,12.256666666666666,27.5,33.88,4.71,0.83,risen,2488.1,38,0.015272698042683172,4,NA,NA,NA,NA,NA,NA,NA,NA,0,2,NA,NA,1,0,401.91310638639925,NA,S225
S225-050-NT,2009-11-07T10:10:00.000Z,-139.68333333333334,12.736666666666666,27.5,34.13,3.55,0.74,set,2251.7,11,0.0048851978505129465,0,NA,NA,NA,NA,NA,NA,NA,NA,3,3,NA,NA,0,0,0,NA,S225
S225-052-NT,2009-11-08T00:12:00.000Z,-140.735,13.125,27.5,34.32,3.44,0.63,risen,1325.7,4.5,0.0033944331296673455,0,NA,NA,NA,NA,NA,NA,NA,NA,0,8,NA,NA,0,0,0,NA,S225
S225-053-NT,2009-11-09T11:33:00.000Z,-143.63,14.405,27.4,34.04,3.51,0.52,set,2054.4,29,0.014116043613707165,0,NA,NA,NA,NA,NA,NA,NA,NA,1,0,NA,NA,0,0,0,NA,S225
S225-054-NT,2009-11-10T00:17:00.000Z,-144.47666666666666,14.705,27.4,34.27,3.44,0.41,risen,2534.7,7.5,0.0029589300508935973,8,NA,NA,NA,NA,NA,NA,NA,NA,14,1,NA,NA,3,0,1183.5720203574388,NA,S225
S225-055-NT,2009-11-10T11:07:00.000Z,-145.11833333333334,14.888333333333334,27.3,34.34,3.27,0.41,risen,1852,3,0.0016198704103671706,0,NA,NA,NA,NA,NA,NA,NA,NA,2,6,NA,NA,0,0,0,NA,S225
S225-056-NT,2009-11-11T00:18:00.000Z,-145.89833333333334,15.27,27.1,34.47,3.33,0.3,set,1379.3,17,0.012325092438193287,0,NA,NA,NA,NA,NA,NA,NA,NA,7,25,NA,NA,0,0,0,NA,S225
S225-057-NT,2009-11-11T11:22:00.000Z,-146.46,15.66,27.2,34.56,3.26,0.3,set,1616.4,4.5,0.0027839643652561247,0,NA,NA,NA,NA,NA,NA,NA,NA,0,0,NA,NA,12,0,0,NA,S225
S231-001-NT,2010-10-04T00:03:00.000Z,-118.35833333333333,33.46666666666667,20.6,33.57,4.1,0.15,risen,1682.9,41,0.02436270723156456,7,NA,NA,NA,NA,NA,NA,NA,NA,0,0,NA,NA,9,0,5347.911343514172,NA,S231
S231-002-NT,2010-10-04T11:51:00.000Z,-118.94833333333334,33.848333333333336,19.9,33.54,5.8,0.15,risen,1278.6,65,0.05083685280775849,0,NA,NA,NA,NA,NA,NA,NA,NA,0,0,NA,NA,4,0,3128.4217112466763,NA,S231
S231-004-NT,2010-10-05T12:22:00.000Z,-119.89166666666667,33.855,14.7,33.47,14.55,0.08,risen,1795.2,14,0.007798573975044563,0,NA,NA,NA,NA,NA,NA,NA,NA,0,0,NA,NA,0,0,0,NA,S231
S231-006-NT,2010-10-06T00:03:00.000Z,-121.30666666666667,33.92166666666667,15.3,33.49,15.1,0.08,risen,1596.1,156,0.0977382369525719,38,NA,NA,NA,NA,NA,NA,NA,NA,0,0,NA,NA,0,0,0,NA,S231
S231-007-NT,2010-10-06T12:01:00.000Z,-122.285,33.626666666666665,16.4,33.47,10.3,0.06,set,2242.3,20,0.008919413102617848,0,NA,NA,NA,NA,NA,NA,NA,NA,0,40,NA,NA,0,0,0,NA,S231
S231-008-NT,2010-10-06T23:36:00.000Z,-123.125,32.26,18.8,33.34,2.6,0,risen,2637.4,33,0.012512322742094486,2,NA,NA,NA,NA,NA,NA,NA,NA,13,23,NA,NA,0,0,0,NA,S231
S231-009-NT,2010-10-07T11:42:00.000Z,-123.895,31.121666666666666,19.3,33.37,2.56,0,risen,2395.3,773,0.32271531749676446,0,NA,NA,NA,NA,NA,NA,NA,NA,0,0.5,NA,NA,14,0,5844.779359579175,NA,S231
S231-011-NT,2010-10-07T23:37:00.000Z,-124.54166666666667,30.093333333333334,19.2,33.36,2.6,0,set,1143.58,127,0.11105475786564999,3,NA,NA,NA,NA,NA,NA,NA,NA,15,13.5,NA,NA,1,0,874.4469123279525,NA,S231
S231-012-NT,2010-10-08T12:02:00.000Z,-125.05,29.136666666666667,20.1,33.67,2.3,0.01,set,1726.85,12.2,0.007064886932854619,0,NA,NA,NA,NA,NA,NA,NA,NA,2,0,NA,NA,15,0,8686.33639285404,NA,S231
S231-013-NT,2010-10-09T00:09:00.000Z,-125.41666666666667,28.52,20.6,33.85,2.3,0.01,risen,2667.5,11,0.004123711340206186,10,NA,NA,NA,NA,NA,NA,NA,NA,62,6,NA,NA,112,1,42361.76194939081,NA,S231
S231-014-NT,2010-10-09T11:56:00.000Z,-125.77833333333334,28.023333333333333,20.9,33.85,2.4,0.01,set,1834.4,3,0.0016354121238552114,0,NA,NA,NA,NA,NA,NA,NA,NA,10,0,NA,NA,13,0,7086.78587003925,NA,S231
S231-016-NT,2010-10-10T00:13:00.000Z,-126.19666666666667,27.311666666666667,20.9,34.01,2.4,0.1,set,2543.8,18,0.007076027989621825,11,NA,NA,NA,NA,NA,NA,NA,NA,52,1,NA,NA,3,0,1179.3379982703043,NA,S231
S231-017-NT,2010-10-10T12:08:00.000Z,-126.59666666666666,26.585,21.1,34.14,2.4,0.1,set,1593.2,9.5,0.005962842078835049,0,NA,NA,NA,NA,NA,NA,NA,NA,10,3,NA,NA,15,0,9415.013808686921,NA,S231
S231-019-NT,2010-10-10T23:32:00.000Z,-127.065,25.943333333333335,21,34.08,2.5,0.1,set,1677.9,10,0.005959830740806961,13,NA,NA,NA,NA,NA,NA,NA,NA,1,4,NA,NA,2,1,1787.9492222420884,NA,S231
S231-020-NT,2010-10-11T11:53:00.000Z,-127.145,25.115,21.2,33.97,2.2,0.18,risen,2188,2,9.140767824497258e-4,0,NA,NA,NA,NA,NA,NA,NA,NA,1,0,NA,NA,11,0,5027.422303473492,NA,S231
S231-021-NT,2010-10-12T00:17:00.000Z,-127.21666666666667,24.426666666666666,21.4,33.94,2.2,0.27,risen,2036,4,0.0019646365422396855,2,NA,NA,NA,NA,NA,NA,NA,NA,12,1,NA,NA,10,0,4911.591355599214,NA,S231
S231-022-NT,2010-10-12T11:50:00.000Z,-127.465,23.913333333333334,21.6,34.18,2.2,0.27,risen,2442.1,5,0.002047418205642685,0,NA,NA,NA,NA,NA,NA,NA,NA,3,0,NA,NA,69,0,28254.371237869047,NA,S231
S231-023-NT,2010-10-13T00:06:00.000Z,-128.075,23,22.3,34.58,2.2,0.36,set,3011.1,48,0.015941018232539603,9,NA,NA,NA,NA,NA,NA,NA,NA,4,0,NA,NA,24,0,7970.509116269802,NA,S231
S231-024-NT,2010-10-13T11:31:00.000Z,-128.63666666666666,22.03,23.1,34.7,2,0.36,set,2065.9,179,0.08664504574277554,0,NA,NA,NA,NA,NA,NA,NA,NA,7,1,NA,NA,17,0,8228.859092889295,NA,S231
S231-025-NT,2010-10-14T00:06:00.000Z,-129.34333333333333,20.628333333333334,23.8,34.76,2.2,0.46,set,2263.2,6,0.002651113467656416,11,NA,NA,NA,NA,NA,NA,NA,NA,43,1,NA,NA,78,1,34906.32732414281,NA,S231
S231-026-NT,2010-10-14T12:04:00.000Z,-129.72333333333333,20.038333333333334,24.7,34.7,2.2,0.46,risen,1998.5,5,0.002501876407305479,0,NA,NA,NA,NA,NA,NA,NA,NA,52,0,NA,NA,21,0,10507.880910683012,NA,S231
S231-028-NT,2010-10-15T00:04:00.000Z,-130.03333333333333,19.5,24.8,34.7,2.2,0.56,set,1830.3,18,0.009834453368300279,5,NA,NA,NA,NA,NA,NA,NA,NA,70,3,NA,NA,7,0,3824.509643227886,NA,S231
S231-029-NT,2010-10-15T11:40:00.000Z,-130.51666666666668,18.64,25.4,34.56,2.3,0.56,risen,2086.2,1.5,7.190106413574921e-4,0,NA,NA,NA,NA,NA,NA,NA,NA,4,0,NA,NA,7,0,3355.3829930016304,NA,S231
S231-030-NT,2010-10-16T00:01:00.000Z,-131.08,17.541666666666668,25.5,34.52,2.4,0.65,risen,1709.6,11,0.006434253626579317,6,NA,NA,NA,NA,NA,NA,NA,NA,54,5,NA,NA,15,0,8773.982218062703,NA,S231
S231-031-NT,2010-10-16T11:51:00.000Z,-131.395,16.72,26.7,34.4,2.2,0.65,set,3067.2,2,6.520605112154408e-4,0,NA,NA,NA,NA,NA,NA,NA,NA,44,1,NA,NA,13,0,4238.393322900365,NA,S231
S231-032-NT,2010-10-17T00:15:00.000Z,-132.035,15.458333333333334,26.9,34.49,2.1,0.74,risen,2533.2,9,0.0035528185693983897,8,NA,NA,NA,NA,NA,NA,NA,NA,7,3.5,NA,NA,2,0,789.5152376440866,NA,S231
S231-033-NT,2010-10-17T12:21:00.000Z,-132.60833333333332,14.505,27.3,34,2.2,0.74,set,2035.5,5.5,0.002702038811102923,0,NA,NA,NA,NA,NA,NA,NA,NA,2,0,NA,NA,3,0,1473.8393515106854,NA,S231
S231-034-NT,2010-10-17T23:12:00.000Z,-133.13166666666666,13.795,27,33.4,3.16,0.82,risen,2146.8,39.5,0.018399478293273708,0,NA,NA,NA,NA,NA,NA,NA,NA,20,1.5,NA,NA,1,0,465.809577044904,NA,S231
S231-035-NT,2010-10-18T11:33:00.000Z,-133.65,12.888333333333334,27,33.63,2.5,0.82,risen,2330.7,12,0.005148667782211353,0,NA,NA,NA,NA,NA,NA,NA,NA,14,11,NA,NA,5,0,2145.2782425880637,NA,S231
S231-036-NT,2010-10-18T23:29:00.000Z,-133.92833333333334,11.983333333333333,27.1,33.96,2.9,0.82,risen,3459.1,28,0.008094591078604262,11,NA,NA,NA,NA,NA,NA,NA,NA,111,1,NA,NA,1,0,289.0925385215807,NA,S231
S231-037-NT,2010-10-19T12:01:00.000Z,-134.40333333333334,11.008333333333333,27,33.85,3.6,0.88,set,3478.5,20,0.005749604714675866,0,NA,NA,NA,NA,NA,NA,NA,NA,23,4,NA,NA,1,1,574.9604714675866,NA,S231
S231-039-NT,2010-10-20T00:06:00.000Z,-134.94166666666666,10.181666666666667,26.5,33.6,5.3,0.94,set,2246.5630641897756,51,0.022701343582532896,4,NA,NA,NA,NA,NA,NA,NA,NA,65,6,NA,NA,1,0,445.12438397123327,NA,S231
S231-040-NT,2010-10-20T12:03:00.000Z,-134.97666666666666,9.356666666666667,27.7,32.91,2,0.94,set,3435.4,3,8.732607556616405e-4,0,NA,NA,NA,NA,NA,NA,NA,NA,41,4,NA,NA,2,0,582.1738371077604,NA,S231
S231-041-NT,2010-10-21T00:13:00.000Z,-134.91666666666666,8.515,27.9,34.19,3,0.97,risen,2087.4,32,0.015330075692248729,9,NA,NA,NA,NA,NA,NA,NA,NA,1,16,NA,NA,0,0,0,NA,S231
S231-042-NT,2010-10-21T11:39:00.000Z,-135.06333333333333,7.758333333333333,27.1,34.65,4.4,0.97,set,1330.9,20,0.015027425050717559,0,NA,NA,NA,NA,NA,NA,NA,NA,0,0,NA,NA,0,0,0,NA,S231
S231-044-NT,2010-10-22T00:03:00.000Z,-135.215,7.183333333333334,25.8,34.42,6.8,1,risen,1968.6,194,0.09854719089708423,5,NA,NA,NA,NA,NA,NA,NA,NA,0,44,NA,NA,0,0,0,NA,S231
S231-045-NT,2010-10-22T12:06:00.000Z,-135.37,6.581666666666667,26.3,34.39,3.7,1,set,1852,30,0.016198704103671708,0,NA,NA,NA,NA,NA,NA,NA,NA,0,11,NA,NA,1,0,539.9568034557236,NA,S231
S231-047-NT,2010-10-23T00:01:00.000Z,-135.87666666666667,5.948333333333333,26,34.24,7.9,1,risen,926,46,0.04967602591792657,11,NA,NA,NA,NA,NA,NA,NA,NA,0,27,NA,NA,0,0,0,NA,S231
S231-048-NT,2010-10-23T12:20:00.000Z,-136.44166666666666,5.426666666666667,26.7,34.53,2.7,1,set,2310.7,4,0.0017310771627645303,0,NA,NA,NA,NA,NA,NA,NA,NA,1,0,NA,NA,0,0,0,NA,S231
S231-049-NT,2010-10-24T00:25:00.000Z,-137.05833333333334,5.253333333333333,26.3,34.49,7.2,0.98,risen,3144.8,42,0.013355380310353599,26,NA,NA,NA,NA,NA,NA,NA,NA,0,7.5,NA,NA,0,0,0,NA,S231
S231-050-NT,2010-10-24T11:47:00.000Z,-137.62,6.098333333333334,26,34.38,3.4,0.98,set,2407.6,8,0.003322811098189068,0,NA,NA,NA,NA,NA,NA,NA,NA,0,0,NA,NA,0,0,0,NA,S231
S231-051-NT,2010-10-25T00:01:00.000Z,-138.22,7.193333333333333,27.1,34.8,7.7,0.98,risen,2037.2,33,0.016198704103671704,6,NA,NA,NA,NA,NA,NA,NA,NA,0,2.5,NA,NA,0,0,0,NA,S231
S231-052-NT,2010-10-25T11:46:00.000Z,-138.66666666666666,7.88,27.2,34.76,5,0.94,set,1666.8,20,0.011999040076793857,0,NA,NA,NA,NA,NA,NA,NA,NA,0,1,NA,NA,0,0,0,NA,S231
S231-053-NT,2010-10-26T00:02:00.000Z,-139.00166666666667,8.61,27.7,34.01,4.3,0.94,risen,2200,36,0.016363636363636365,16,NA,NA,NA,NA,NA,NA,NA,NA,14,11,NA,NA,0,0,0,NA,S231
S231-054-NT,2010-10-26T11:17:00.000Z,-139.6,9.388333333333334,27.9,33.53,2.6,0.88,set,1885.4,4,0.0021215657154980373,0,NA,NA,NA,NA,NA,NA,NA,NA,4,1,NA,NA,4,0,2121.565715498037,NA,S231
S231-055-NT,2010-10-27T00:11:00.000Z,-140.25333333333333,10.315,27.5,33.47,3.1,0.81,risen,1940.6,9,0.0046377409048747814,1,NA,NA,NA,NA,NA,NA,NA,NA,6,0,NA,NA,0,0,0,NA,S231
S231-056-NT,2010-10-27T11:21:00.000Z,-141.11333333333334,10.878333333333334,26.6,33.72,2.6,0.81,set,1950.2,7,0.003589375448671931,0,NA,NA,NA,NA,NA,NA,NA,NA,5,0,NA,NA,3,0,1538.3037637165417,NA,S231
S231-058-NT,2010-10-27T23:34:00.000Z,-141.955,11.29,26.6,34,3.2,0.81,risen,1413.7,20.5,0.014500954940935134,0,NA,NA,NA,NA,NA,NA,NA,NA,5,0.5,NA,NA,3,0,2122.090966966117,NA,S231
S231-059-NT,2010-10-28T11:28:00.000Z,-142.895,11.891666666666667,26.8,33.54,2.5,0.72,set,1755.1,24,0.013674434505156402,0,NA,NA,NA,NA,NA,NA,NA,NA,12,0.2,NA,NA,14,0,7976.7534613412345,NA,S231
S231-061-NT,2010-10-28T23:54:00.000Z,-143.72166666666666,12.32,27.1,33.66,2.7,0.72,risen,1312.3,46,0.03505296045111636,4,NA,NA,NA,NA,NA,NA,NA,NA,4,3,NA,NA,4,5,6858.187914348853,NA,S231
S231-062-NT,2010-10-29T11:21:00.000Z,-144.60833333333332,12.86,26.9,33.72,2.6,0.72,set,1149.9,14.5,0.012609792155839638,0,NA,NA,NA,NA,NA,NA,NA,NA,3,3,NA,NA,24,0,20871.380120010435,NA,S231
S231-064-NT,2010-10-31T11:18:00.000Z,-145.65,13.37,26.8,33.78,3,0.39,set,2333.8,6,0.002570914388550861,0,NA,NA,NA,NA,NA,NA,NA,NA,7,0,NA,NA,0,0,0,NA,S231
S231-065-NT,2010-11-01T00:05:00.000Z,-146.745,13.985,26.6,33.91,2.6,0.28,risen,2507.6,9,0.0035890891689264637,4,NA,NA,NA,NA,NA,NA,NA,NA,21,5,NA,NA,10,0,3987.8768543627375,NA,S231
S231-066-NT,2010-11-01T11:27:00.000Z,-147.59333333333333,14.29,26.8,33.95,2.4,0.28,set,3246.9,13,0.0040038190273799625,0,NA,NA,NA,NA,NA,NA,NA,NA,5,5,NA,NA,23,0,7083.679817672241,NA,S231
S231-067-NT,2010-11-02T00:03:00.000Z,-148.72833333333332,14.766666666666667,26.4,34.25,2.5,0.18,set,2222.4,15,0.006749460043196544,11,NA,NA,NA,NA,NA,NA,NA,NA,16,6,NA,NA,3,0,1349.8920086393086,NA,S231
S231-068-NT,2010-11-02T11:29:00.000Z,-149.47333333333333,15.228333333333333,26.5,34.5,2.2,0.18,set,2307.4,4.5,0.00195024703129063,0,NA,NA,NA,NA,NA,NA,NA,NA,22,0,NA,NA,29,1,13001.646875270866,NA,S231
S231-069-NT,2010-11-03T00:18:00.000Z,-150.31166666666667,16.055,26.6,34.34,2.3,0.1,risen,1095.3,11,0.010042910618095499,1,NA,NA,NA,NA,NA,NA,NA,NA,20,3,NA,NA,25,0,22824.796859307953,NA,S231
S231-070-NT,2010-11-03T12:41:00.000Z,-150.94333333333333,16.566666666666666,26.5,32.52,2.2,0.1,set,2239.7,3,0.0013394651069339645,0,NA,NA,NA,NA,NA,NA,NA,NA,30,0,NA,NA,2,1,1339.4651069339645,NA,S231
S231-071-NT,2010-11-04T00:05:00.000Z,-151.61166666666668,17.071666666666665,26.4,34.75,2.5,0.04,risen,1627.1,2,0.001229180751029439,1,NA,NA,NA,NA,NA,NA,NA,NA,14,3,NA,NA,6,0,3687.542253088317,NA,S231
S231-072-NT,2010-11-04T11:27:00.000Z,-152.32333333333332,17.635,25.8,35.11,3.2,0.04,set,2151.9,1,4.6470560899670055e-4,0,NA,NA,NA,NA,NA,NA,NA,NA,9,0,NA,NA,8,0,3717.6448719736045,NA,S231
S231-073-NT,2010-11-05T00:11:00.000Z,-153.12,18.05666666666667,26.1,34.82,2.4,0.04,set,1907.6,10,0.005242189138184106,14,NA,NA,NA,NA,NA,NA,NA,NA,10,0,NA,NA,0,0,0,NA,S231
S237-001-NT,2011-10-04T13:42:00.000Z,-119.215,32.03,19.8,33.53,0.1,54,set,2153.5,20,0.009287206872533085,0,0,0,0,0,0,0,0,0,0,5,NA,"siphonophoresx4, medusax1",0,0,NA,Mostly gelatinous with a few fish larvae and branching brown clumps,S237
S237-002-NT,2011-10-04T23:33:00.000Z,-119.695,31.935,19.4,33.54,0.1,64,risen,2490.823,4.5,0.001806631783952533,1,0.2,0,0,3,4,4,4.2,3 silver fish with black stripe on back,0,3,NA,siphonophores,0,0,NA,"Look like clumps of wet sand but it was moving, lots of megalopae and zoea visable",S237
S237-003-NT,2011-10-05T11:06:00.000Z,-120.54333333333334,31.856666666666666,19.1,33.26,0.1,64,risen,1663.263,8,0.004809822619754062,0,0,0,0,0,0,0,0,0,0,0,NA,0,0,0,NA,"Looking at the two buckets, no big stuff is present, floaters also don't seem present, some gelatinous biomas present",S237
S237-004-NT,2011-10-06T00:07:00.000Z,-121.245,31.606666666666666,19.4,33.3,0.1,88,set,2159.864,10,0.004629921143183089,0,0,0,0,0,0,0,0,0,9,1,NA,siphonophore,0,0,NA,"Not very much biomass in tow, lots of small siphonophores",S237
S237-005-NT,2011-10-06T12:32:00.000Z,-122.005,31.201666666666668,19.4,33.26,0.1,73,set,2262.162,9,0.003978494908852682,2,1,0,0,0,0,2,1,Myctophids,3,1,NA,siphonophore,0,0,NA,"A sparse tow, much of contents were small (<5mm) clear gelatinous zooplankton.  The remainder was mainly pigmented brown and composed of smaller individuals.",S237
S237-006-NT,2011-10-06T22:46:00.000Z,-122.76833333333333,30.815,19.5,33.29,0.1,73,risen,2039.639,29,0.014218202338747201,0,0,0,0,0,0,0,0,0,46,21,NA,"20 Siphonophores14ml, 1 Salp0.5ml",0,0,NA,"Small gelatinous pieces with small siphonophores and megolopea, pale brown /black in color with blue irridesence",S237
S237-007-NT,2011-10-07T11:07:00.000Z,-123.65666666666667,30.336666666666666,19.4,33.16,0.1,82,risen,2014.043,8.5,0.0042203666952493075,0,0,0,0,0,0,0,0,0,0,2,NA,"I siphonophore, 1.5mL, 1 Salp, 2mL",0,0,NA,"Small gelatinous, small amt of biomass in general, purple-pink in color with lots of very small tar bits",S237
S237-008-NT,2011-10-08T00:02:00.000Z,-124.78666666666666,29.77,20.2,33.42,0.1,64,risen,1870.324,7,0.003742667045923594,0,0,0,0,0,0,0,0,0,10,0,NA,0,0,0,NA,"Small catch, pinkish in color, but ,mostly transparent organisms, a lot of small jellies, no big stuff, some small irridescent flying creatures with legs also some smaller flee like organisms.",S237
S237-009-NT,2011-10-08T12:42:00.000Z,-125.76166666666667,29.425,20,33.27,0.1,89,set,1288.75,3,0.0023278370514064014,0,0,0,0,0,0,0,0,0,2,0,NA,0,0,0,NA,"Not much here, nothing over 2 cm.",S237
S237-010-NT,2011-10-08T22:40:00.000Z,-126.505,28.965,20.8,33.9,0.1,89,risen,4194.061,10,0.0023843239285265523,0,0,0,0,0,0,0,0,NA,0,0,NA,1Velella velella,0,0,NA,"a lot of krill, not too many gelatinous organisms, bioluminescence present, very few floating particles",S237
S237-011-NT,2011-10-09T10:50:00.000Z,-127.31166666666667,28.491666666666667,21.1,34.2,0.1,94,set,1485.066,20,0.013467414916239413,0,0,0,0,0,0,0,0,0,0,9,NA,9 Egg Sacks 2ml,0,0,NA,"Small gelatinous matter, a lot of small fish larvae, many blue copepods",S237
S237-012-NT,2011-10-09T23:58:00.000Z,-128.14833333333334,28.03,21.1,34.08,0.1,98,risen,1055.008,39,0.03696654432952167,0,0,0,0,0,0,0,0,0,0,7,NA,"1 polycheateworm, 3 Egg sacks,1 cheatagnath, 2 salps",0,0,NA,"Mostly gelatinous with a couple salps. Many red and blue copepods, with many brown specs",S237
S237-013-NT,2011-10-10T13:03:00.000Z,-128.785,27.701666666666668,21,33.95,0.1,98,set,2584.037,24,0.0092877927057546,0,0,1,1,0,0,1,1,0,5,0,NA,0,7,0,NA,"Not much here, nothing over 2 cm.",S237
S237-014-NT,2011-10-10T22:54:00.000Z,-129.39666666666668,27.446666666666665,21.4,34.32,0.1,98,risen,1570.093,19,0.012101194005705394,0,0,0,0,0,0,0,0,0,0,0,NA,0,0,0,NA,"one larger (2-3cm) light colored fish, some pinkish crustaceans, large fraction clear gelatinous organisms",S237
S237-015-NT,2011-10-11T11:34:00.000Z,-129.41166666666666,26.575,21.7,34.55,0.1,100,risen,2501.127,19,0.007596575463780928,0,0,0,0,0,0,0,0,0,1,0,NA,0,0,0,NA,Mostly crustaceans and gelatinous biomass.  Most obvious organism is a jelly in the pristine bucket.,S237
S237-016-NT,2011-10-12T00:02:00.000Z,-129.31333333333333,25.69,21.8,34.45,0.1,100,risen,2314.387,22,0.009505756815951696,2,1.5,0,0,0,0,2,1.5,0,21,0,NA,NA,2,0,NA,"Many blue copepods, small gelatinous goo",S237
S237-017-NT,2011-10-12T13:03:00.000Z,-129.39166666666668,24.811666666666667,22.1,34.81,0.1,100,set,2224.059,157,0.0705916524696512,0,0,0,0,0,0,0,0,0,6,0,NA,0,110,0,NA,"lots of biomass, including lots of velella and other blue lady organisms.  No big stuff, but lots of plastics",S237
S237-018-NT,2011-10-12T22:49:00.000Z,-129.29,24.13,22.1,34.63,0.1,98,risen,1392.349,45,0.03231948311809755,0,0,0,0,0,0,0,0,0,0,9,NA,"2 Ctenophores,3mL , 1 Salp .5mL, 1 pyrosome 1mL , 2 egg sacks .5mL, 3 cheatignaths .5mL",0,0,NA,Mostly gelatinous with red and blue organisims scattered throughout,S237
S237-019-NT,2011-10-13T11:16:00.000Z,-129.26833333333335,23.421666666666667,22.3,34.64,0.1,98,set,2018,31,0.015361744301288404,0,0,0,0,1,1,1,1,1 nudibranch,3,2,NA,"1 siphonophore, 1 egg mass, .5",15,0,NA,Large number of jelly matter and 2 dozen small blue organisms swimming; large amount of macroplastics; large number of transparent organisms with orange eyes,S237
S237-020-NT,2011-10-14T00:00:00.000Z,-129.335,22.825,22.7,34.292,0.1,95,risen,2539.8,132,0.05197259626742263,0,0,0,0,2,0.1,2,0.1,"2 thin dark fish, 2-3 cm ea",52,0,NA,NA,11,0,NA,"Filled with gelatinous material, crustaceans, many halobates and 2 nudibranchs. Much of the matter is bioluminescent. One large salp is noticeable.",S237
S237-021-NT,2011-10-14T12:39:00.000Z,-129.385,21.65,23.4,34.34,0.1,95,set,2372,36,0.01517706576728499,0,0,0,0,8,0.5,8,0.5,8 silver fish,71,0,NA,NA,8,0,NA,Lots of janthina and halobates and a large moth,S237
S237-022-NT,2011-10-14T22:46:00.000Z,-129.35833333333332,20.881666666666668,23.6,34.6,0.1,95,risen,1448,116,0.08011049723756906,0,0,0,0,2,0.2,2,0.2,"2 fish, silver with black backs",1,20,NA,"12 ctenophores (28.5mL), 1 salp (2.5) 5 pyrosomes (45) 2 egg sacs (5)",0,0,NA,"Mostly gelatinous with lots of ctenophores, several large pyrosomes, and several janthina. Several egg sacs were present as well",S237
S237-023-NT,2011-10-15T11:11:00.000Z,-129.46833333333333,19.23,24.2,34.65,0.1,90,set,1829,37,0.020229633679606344,0,0,0,0,0,0,0,0,0,7,0,NA,0,3,0,NA,In the pristine bucket there are several halobates.  It looks to have no plastic or tar.  The contents of the rinse bucket appears to be pinkish in color mostly unsure of species,S237
S237-024-NT,2011-10-16T00:00:00.000Z,-129.43333333333334,18.275,24.5,34.82,1.1,83,risen,1262,26,0.020602218700475437,1,0.25,0,0,6,0.25,7,0.5,"2 long amphipods(6cm), 4 long narrow silvery fish, .1mL",18,7,NA,"1 medusa(1ml), 3 Ctenophore (4.5ml), 3 Siphonophore(2ml)",0,0,NA,"Sweet jellies, Very biolominescent, a lot of structured gelatinous organisms a lot of red speckeled jelly, overall a gooey and exciting tow.",S237
S237-025-NT,2011-10-16T13:09:00.000Z,-129.59166666666667,17.145,26.2,34.93,1,83,set,1439.064,14,0.009728545776977257,0,0,0,0,0,0,0,0,0,10,2,NA,"1 siphonophore, 1 fish egg mass",1,0,NA,"Pinkish grey, lots of gelatinous matter, lots of fish egg mass, and a surprizing # of Halobates for a day tow",S237
S237-026-NT,2011-10-16T22:51:00.000Z,-129.65666666666667,16.548333333333332,25.6,34.96,1.1,83,risen,1414.7,15,0.01060295469004029,0,0,0,0,0,0,0,0,0,27,2,NA,2 Salps,2,0,NA,"Large # of ostracod,1 Large halobates, lots of gelatinous organisims",S237
S237-027-NT,2011-10-17T11:32:00.000Z,-129.63166666666666,15.631666666666666,26.8,34.6,1.1,76,set,2051.233,3.5,0.001706290801678795,0,0,0,0,0,0,0,0,0,8,0,NA,0,0,0,NA,"saw many porpita, 5 physilia anda1 megalopae. Small volume of organisms, lots of small stuff, nothing over 2cm",S237
S237-028-NT,2011-10-18T00:06:00.000Z,-129.79166666666666,14.581666666666667,26.9,34.67,1.2,67,risen,1841,17,0.009234111895708854,5,1,1,0.5,0,0,6,1.5,0,9,29,NA,"27 siphonophores, 2 medusae",1,0,NA,"Very gelatinous, mostly siphonophores, some physalia",S237
S237-029-NT,2011-10-18T13:35:00.000Z,-129.94333333333333,13.831666666666667,27.3,34.5,1.1,67,set,1151.51,6,0.0052105496261430646,0,0,0,0,0,0,0,0,0,2,0,NA,0,1,0,NA,Lots of blue zooplankton,S237
S237-030-NT,2011-10-18T23:05:00.000Z,-129.965,13.063333333333333,27.2,34.02,1.5,67,set,1749,41,0.023441966838193252,0,0,0,0,1,0.5,1,0.5,small spotted fish,0,7,NA,"3 salps 3ml, 4 siphonophores 2ml",0,0,NA,"lots fo swimming small fish little physalia floating in rinse bucket, when condensed it looks blackish with specks of sandy colored organisms",S237
S237-031-NT,2011-10-19T12:21:00.000Z,-129.995,12.258333333333333,27.6,34.22,1.1,57,set,1373,7,0.005098324836125273,0,0,0,0,0,0,0,0,NA,1,0,NA,NA,0,0,NA,Extremely blue--mostly copepods. Little to no gelatinous matter.,S237
S237-032-NT,2011-10-19T23:45:00.000Z,-130.16333333333333,11.681666666666667,27.7,33.98,1.3,30,risen,1853.74,28,0.015104599350502228,9,11,0,0,0,0,9,11,0,7,6,NA,siphonophores,0,0,NA,"Two large propitas floating, lots of smaller organisms, a lot of blue organisms and a bird feather",S237
S237-033-NT,2011-10-20T13:09:00.000Z,-130.42833333333334,11.07,27.8,33.8,1.4,46,set,3430,55.5,0.016180758017492712,0,0,0,0,0,0,0,0,0,7,2,NA,"1 Medusa, 1 porpita",15,0,NA,"Some gelatinous material,  but mostly copepods and porpita, physalia, and small fish",S237
S237-034-NT,2011-10-20T23:40:00.000Z,-130.825,10.666666666666666,27.4,33.23,4,36,set,3330.875,104,0.03122302698239952,2,0.5,0,0,0,0,2,0.5,0,21,5,NA,"3 salps, 3.5ml; 1 siphonophore, .2ml 1 physalia <1mL",14,0,NA,"Very blue lots od copepods and crusteacans swimming on top.  Not much gelatinous, most everything was very small",S237
S237-035-NT,2011-10-21T11:27:00.000Z,-131.19166666666666,10.001666666666667,27.5,33.735,1.9,36,set,1650.739,10,0.006057892858895319,0,0,0,0,NA,0,0,0,0,7,0,NA,0,3,0,NA,"Mostly dark blue in color, overall small organisms with blue lady floaters and one piece of plasticthat was styrofoam",S237
S237-036-NT,2011-10-21T22:10:00.000Z,-131.725,10.526666666666667,27.4,33.83,3.2,36,set,2162.982,53,0.024503208995729046,36,25,0,0,2,7,38,32,2 flying fish 7ml,28,10,NA,"10 salps,16ml,1 siphonophore .5ml",0,0,NA,Pink and blue mush with iradescent sparkles(fish scales) a ton of myctophids and two flying fish,S237
S237-037-NT,2011-10-22T00:42:00.000Z,-131.75333333333333,10.498333333333333,27.3,27.33,3.4,25,set,2156.7,115,0.0533222052209394,38,36,0,0,0,0,38,36,0,2,12,NA,"3 salps 56mL, 9 siphonophores 4ml",0,0,NA,"Lots of biomass with tons of fish, brownish in overall color",S237
S237-038-NT,2011-10-22T04:05:00.000Z,-131.99,10.383333333333333,27.6,33.65,3.4,26,risen,1355.528,43,0.03172195631517755,1,0.8,6,0.7,0,0,7,1.5,0,17,2,NA,salps,1,0,NA,"pale in color, a lot of small floating dark browm amphipods",S237
S237-039-NT,2011-10-22T14:02:00.000Z,-132.61,10.616666666666667,27.5,33.77,1.3,25,risen,1517,71,0.04680290046143705,0,0,0,0,0,0,0,0,NA,0,5,NA,"1 Porpita, 4 physalia",0,0,NA,"primaraly blue copepods, litle gelatinous matter,  7 small pysilia, 5 small porpita",S237
S237-040-NT,2011-10-23T00:17:00.000Z,-133.33833333333334,10.701666666666666,27.3,33.57,3.2,25,set,1347.756,25,0.01854935166306067,3,2,0,0,0,0,3,2,3 myctophids,11,7,NA,7 siphonophores,0,0,NA,"Pink gelatinous with a few siphonophores, halobates, and myctophids",S237
S237-041-NT,2011-10-23T11:35:00.000Z,-134.225,10.806666666666667,27,33.67,1.9,25,risen,1430,26,0.01818181818181818,0,0,0,0,0,0,0,0,0,3,1,NA,1 porpita,0,0,NA,dark blue mostly w small amts of pale pink organisms look like mostly blue copepods and pther small organisms,S237
S237-042-NT,2011-10-24T00:18:00.000Z,-134.88333333333333,10.888333333333334,26.7,33.66,4.6,16,risen,1411.1,32,0.02267734391609383,5,1,0,0,0,0,5,1,5 Myctophids,5,4,NA,4 Siphonophores,1,0,NA,Few things floating,S237
S237-043-NT,2011-10-24T13:28:00.000Z,-135.75333333333333,11.328333333333333,26.4,33.7,2.1,8,set,2129.464,1,4.6960174015620834e-4,0,0,0,0,0,0,0,0,0,1,1,NA,physalia,0,0,NA,"Many myctophids, one physalia, and same small (<2cm) fish larvae",S237
S237-045-NT,2011-10-24T23:04:00.000Z,-136.46,11.506666666666666,25.4,34.02,5.2,8,set,2300,81,0.035217391304347825,4,2,0,0,0,0,4,2,0,11,25,NA,23salps and 2 medusa,0,0,NA,"biomass blue and pink, muchof volume gelatinous",S237
S237-046-NT,2011-10-25T12:35:00.000Z,-137.65166666666667,11.713333333333333,25.4,34.24,2.3,3,set,2860,20,0.006993006993006993,0,0,0,0,0,0,0,0,NA,0,7,NA,"3 Physalia-2mL, 1 Porpita -2mL, 3salps- 4mL",2,0,NA,"It was pink,w/ lots of blue. There were lots of big critters, some smaller ones too. Some of them fluoresced, the gellies did not, overall, this tow looked like snot",S237
S237-047-NT,2011-10-26T00:02:00.000Z,-138.86166666666668,12.335,26.29,34,5.1,0,set,1902.91,13,0.006831642063996721,1,1.5,0,0,0,0,1,1.5,0,0,209,NA,"202salp 390ml, 2 ctenophores 2.1ml, 3 siphonophore 1ml, 2 physalia 1.5ml",2,0,NA,"a lot of salps, blue and pink with a few squirming shrimp",S237
S237-048-NT,2011-10-26T13:12:00.000Z,-139.6,12.761666666666667,27.1,33.98,1.6,0,set,2228.527,8.7,0.0039039239820742575,0,0,0,0,0,0,0,0,0,5,3,NA,porpita,5,0,NA,"lots of porpita, physalia and nudibranch, mostly small biomass but wuith several plastic pieces, halobates and small fish.  One large plastic piece",S237
S237-049-NT,2011-10-26T23:06:00.000Z,-140.37666666666667,13.18,26.9,34.22,1.85,0,risen,1639.178,54,0.032943341113655746,0,0,0,0,2,1,2,1,"Viper fish .3ml, Flying fish .7ml",7,15,NA,"3 pyrosomes 6.5ml, 12 salps 8ml",0,0,NA,Blue and pink speckled with lots of salps and copepods,S237
S237-050-NT,2011-10-27T12:09:00.000Z,-141.34666666666666,14.211666666666666,26.9,34.21,1.2,1,set,1709,12,0.007021650087770626,0,0,0,0,0,0,0,0,NA,0,2,NA,"1 man o' war 3mL, 1 porpita 2 mL",8,0,NA,Low biovolume tow with little gelatinous stuff. Very blue with many copepods and large man o' war.,S237
S237-051-NT,2011-10-28T00:08:00.000Z,-142.10666666666665,14.648333333333333,26.5,34.58,1.2,4,risen,1792,10,0.005580357142857143,0,0,0,0,0,0,0,0,NA,0,1,NA,"1 colonial siphonophore, 3.5cm, 2mL",0,0,NA,Very little biomass but a lot of luminescence,S237
S237-053-NT,2011-10-28T23:17:00.000Z,-143.265,15.581666666666667,25.8,35.07,1.4,4,set,1941.462,7,0.003605530265336123,2,0.25,0,0,0,0,2,0.25,NA,8,4,NA,4 Siphonophores,0,0,NA,"Meager tow, some myctophids, fish larvae, siphonophores",S237
S237-054-NT,2011-10-29T10:58:00.000Z,-144.055,15.976666666666667,25.8,35.01,1.5,3,risen,2476.653,12.5,0.005047134176648889,0,0,0,0,0,0,0,0,0,0,0,NA,0,0,0,NA,"Very little biomass mostly gelatinous with few copepods and 2-3 fish, nothing large",S237
S237-055-NT,2011-10-29T23:56:00.000Z,-145.03,16.515,25.9,34.84,1.3,18,set,2817,26,0.009229676961306355,6,9,0,0,0,0,6,9,NA,27,2,NA,2 salps,3,0,NA,"Lots of fish.  Majority of biovolume going to mytophids, many under 2cm. Little gelatinous stuff.",S237
S237-056-NT,2011-10-30T13:17:00.000Z,-145.83666666666667,16.64,25.8,34.99,1.1,18,set,2927,1,3.4164673727365904e-4,0,0,0,0,0,0,0,0,NA,29,0,NA,NA,2,0,NA,Very sparse; a few blue copepods and lots of gelatinous goo. Multicolored.,S237
S237-057-NT,2011-10-30T23:06:00.000Z,-146.68,16.813333333333333,25.6,35,1.4,18,set,2520,36,0.014285714285714285,0,0,1,0.6,1,0.6,2,1.2,"1 cephalopod, 0.6mL, 1 fish, 0.6mL",15,3,NA,"1 salp, 0.2mL, 1 siphonophore, 0.3mL, 1 brachiopod, 0.2mL",1,0,NA,"The tow yielded many gelatinous organisms, one large 3cm fish and a brachiopod.",S237
S237-058-NT,2011-10-31T11:07:00.000Z,-147.47666666666666,16.773333333333333,25.6,35.05,1.3,28,risen,1673.959,3,0.0017921585893083403,0,0,0,0,1,0.2,1,0.2,0,0,0,NA,1 porpita -0.2ml,1,0,NA,"Very little biomass - clear or blue colored. Found 1 porpita, but other than that nothing else of considerable size",S237
S237-059-NT,2011-11-01T00:01:00.000Z,-148.43,16.935,26.2,34.69,1.3,38,set,1726.265,7.5,0.004344640017610274,0,0,10,1,0,0,10,1,26 Halobates,26,1,NA,1 siphonophore,2,0,NA,Small cephalopod found in  100ct,S237
S237-060-NT,2011-11-01T00:00:00.000Z,-149.41166666666666,17.256666666666668,26.1,34.79,1.1,38,set,1852,4,0.0021598272138228943,0,0,0,0,0,0,0,0,NA,8,0,NA,NA,2,0,NA,Pink gooey with some blue copepods. Very little biomass.,S237
S237-061-NT,2011-11-02T00:05:00.000Z,-150.40166666666667,17.64,25.9,35.03,1.2,48,risen,1852,10,0.005399568034557235,1,0.2,1,0.2,0,0,2,0.4,N/A,9,1,NA,1 salp - 5ml,1,0,NA,"a lot of egg clumps and protists, very diverse with a lot of crustaceans.",S237
S237-062-NT,2011-11-02T12:03:00.000Z,-151.315,18.118333333333332,25.7,34.98,1.1,48,set,1450,1,6.89655172413793e-4,0,0,0,0,2,4,2,4,"1 flying fish 2cm, 1 bill fish 2 cm",13,0,NA,NA,0,0,NA,"little biomass with 13 halobates, with few colored organisms",S237
S237-063-NT,2011-11-03T00:35:00.000Z,-152.22333333333333,18.316666666666666,25.7,35.06,1.3,58,risen,2400,13,0.005416666666666667,3,2,0,0,0,0,3,2,"1 flying fish, 0.5mL, 2 myctophids, 1.5mL",28,5,NA,"1 medusa 1mL, 3 salps, 2.5mL, 1 crustacean, 2mL",0,0,NA,"Low biovolume with lots of halobates. Unidentified crustacean that looks like a horseshoe crab, lots of copepods in 100ct",S237
S237-064-NT,2011-11-03T12:47:00.000Z,-152.95166666666665,18.405,25.6,35.1,1.3,58,set,1790,4,0.0022346368715083797,0,0,0,0,0,0,0,0,"1 juvenile file fish, 5cm, 1mL",8,0,NA,NA,0,0,NA,Very little biomass. The only thing interesting was the fish.,S237
S237-065-NT,2011-11-03T23:59:00.000Z,-153.88833333333332,18.575,25.8,35.04,1.6,58,risen,1639.513,10,0.0060993721916203164,0,0,0,0,17,2.8,17,2.8,17 stomatapods - 2.8 ml,9,2,NA,2 medusa - 12 ml,0,0,NA,"stomatapod, crabs, jellies oh my! Pinkish brownish in color speckled with blue, one large pteropod and some crab larvae too.",S237
S237-066-NT,2011-11-04T12:24:00.000Z,-154.755,19.071666666666665,25.8,34.97,1.4,68,risen,2018,7,0.003468780971258672,0,0,0,0,1,1,1,1,1 fish,30,0,NA,NA,0,0,NA,"Even amount of red and blue biomass, 5-10 small gelatinous creatures, arround 5-10 active swimmers, 1 fish >2cm.",S237
S237-067-NT,2011-11-05T11:30:00.000Z,-155.99166666666667,19.451666666666668,27,35.1,1.2,76,set,1587,142,0.08947700063011972,0,0,0,0,1,0.1,1,0.1,1 shrimp (blue)-0.1mL,86,0,NA,NA,18,0,NA,"Mostly small gelatinious. Some copepods, lots of halobates. Brown sludge in rinse bucket",S237
